trial,state,value,seconds,elapsed_s,running_best,model,strategy
0,COMPLETE,0.4259634678542956,0.836214,0.836214,0.4259634678542956,Logistic Regression,Optuna
1,COMPLETE,0.4274900067949949,0.898908,1.787071,0.4274900067949949,Logistic Regression,Optuna
2,PRUNED,0.42898934778548325,0.470524,2.306489,0.42898934778548325,Logistic Regression,Optuna
3,COMPLETE,0.4286421565298791,0.868102,3.224566,0.42898934778548325,Logistic Regression,Optuna
4,COMPLETE,0.4268921574007576,0.920055,4.198756,0.42898934778548325,Logistic Regression,Optuna
5,COMPLETE,0.4286484248123245,0.881284,5.131166,0.42898934778548325,Logistic Regression,Optuna
6,PRUNED,0.427866218270158,0.519266,5.701733,0.42898934778548325,Logistic Regression,Optuna
7,COMPLETE,0.4289649186156274,0.779302,6.5303,0.42898934778548325,Logistic Regression,Optuna
8,PRUNED,0.42748212900465316,0.420127,7.000475,0.42898934778548325,Logistic Regression,Optuna
9,COMPLETE,0.42593494596808207,0.825057,7.874756,0.42898934778548325,Logistic Regression,Optuna
10,COMPLETE,0.4220682095932033,0.716998,8.643638,0.42898934778548325,Logistic Regression,Optuna
11,PRUNED,0.42883870935597235,0.374766,9.068233,0.42898934778548325,Logistic Regression,Optuna
12,COMPLETE,0.4257944045260746,0.828653,9.946897,0.42898934778548325,Logistic Regression,Optuna
13,COMPLETE,0.4289717396666064,0.766182,10.765748,0.42898934778548325,Logistic Regression,Optuna
14,PRUNED,0.4199710405178999,0.376172,11.194089,0.42898934778548325,Logistic Regression,Optuna
15,COMPLETE,0.4291899641210917,0.777347,12.022037,0.4291899641210917,Logistic Regression,Optuna
16,COMPLETE,0.41202615239987544,0.647091,12.719765,0.4291899641210917,Logistic Regression,Optuna
17,COMPLETE,0.4287630014547436,0.781581,13.550467,0.4291899641210917,Logistic Regression,Optuna
18,COMPLETE,0.42930022580307464,0.744123,14.344128,0.42930022580307464,Logistic Regression,Optuna
19,PRUNED,0.4279987493068153,0.516274,14.910789,0.42930022580307464,Logistic Regression,Optuna
20,COMPLETE,0.42905983187688207,0.836662,15.797655,0.42930022580307464,Logistic Regression,Optuna
21,COMPLETE,0.42923475012489787,0.802458,16.657273,0.42930022580307464,Logistic Regression,Optuna
22,COMPLETE,0.42930976671919946,0.742072,17.449547,0.42930976671919946,Logistic Regression,Optuna
23,COMPLETE,0.42927793682810145,1.15771,18.660196,0.42930976671919946,Logistic Regression,Optuna
24,PRUNED,0.43013275155147945,0.412828,19.159935,0.43013275155147945,Logistic Regression,Optuna
25,PRUNED,0.42905115331524873,0.527744,19.738231,0.43013275155147945,Logistic Regression,Optuna
26,PRUNED,0.42258225152412066,0.376867,20.165278,0.43013275155147945,Logistic Regression,Optuna
27,PRUNED,0.42948941658866535,0.448294,20.663599,0.43013275155147945,Logistic Regression,Optuna
28,PRUNED,0.43084439959216736,0.476352,21.190087,0.43084439959216736,Logistic Regression,Optuna
29,PRUNED,0.4285905360523449,0.541948,21.784717,0.43084439959216736,Logistic Regression,Optuna
30,PRUNED,0.411313196361082,0.356856,22.197406,0.43084439959216736,Logistic Regression,Optuna
31,COMPLETE,0.42927084023650747,0.864851,23.114808,0.43084439959216736,Logistic Regression,Optuna
32,COMPLETE,0.4288779534632658,0.868464,24.034094,0.43084439959216736,Logistic Regression,Optuna
33,COMPLETE,0.4290560849604059,0.815569,24.902886,0.43084439959216736,Logistic Regression,Optuna
34,COMPLETE,0.42899098220795207,0.840147,25.793295,0.43084439959216736,Logistic Regression,Optuna
35,PRUNED,0.4295414327747253,0.486684,26.330718,0.43084439959216736,Logistic Regression,Optuna
36,COMPLETE,0.4292842764674672,0.784744,27.168174,0.43084439959216736,Logistic Regression,Optuna
37,PRUNED,0.4300859790152438,0.409082,27.62767,0.43084439959216736,Logistic Regression,Optuna
38,COMPLETE,0.4273275554354011,0.905849,28.585289,0.43084439959216736,Logistic Regression,Optuna
39,PRUNED,0.4306307714088077,0.410182,29.044701,0.43084439959216736,Logistic Regression,Optuna
40,COMPLETE,0.42727528285879696,0.927759,30.024731,0.43084439959216736,Logistic Regression,Optuna
41,COMPLETE,0.4291527920003015,0.798286,30.874461,0.43084439959216736,Logistic Regression,Optuna
42,COMPLETE,0.42913893817457344,0.78744,31.711437,0.43084439959216736,Logistic Regression,Optuna
43,COMPLETE,0.42920429805793564,0.826552,32.58983,0.43084439959216736,Logistic Regression,Optuna
44,COMPLETE,0.4291120691490519,0.781948,33.42192,0.43084439959216736,Logistic Regression,Optuna
45,COMPLETE,0.4284791229244294,0.727903,34.199284,0.43084439959216736,Logistic Regression,Optuna
46,PRUNED,0.4305700444736447,0.475795,34.726711,0.43084439959216736,Logistic Regression,Optuna
47,PRUNED,0.42913288426392315,0.394347,35.175978,0.43084439959216736,Logistic Regression,Optuna
48,COMPLETE,0.4257476315587565,0.794832,36.021091,0.43084439959216736,Logistic Regression,Optuna
49,COMPLETE,0.4284252322072574,1.164896,37.236356,0.43084439959216736,Logistic Regression,Optuna
50,COMPLETE,0.4279345740865533,0.72715,38.017823,0.43084439959216736,Logistic Regression,Optuna
51,COMPLETE,0.42910788500077435,0.812179,38.880047,0.43084439959216736,Logistic Regression,Optuna
52,COMPLETE,0.4291908086509293,0.789032,39.719655,0.43084439959216736,Logistic Regression,Optuna
53,COMPLETE,0.428786748898337,0.759002,40.531774,0.43084439959216736,Logistic Regression,Optuna
54,PRUNED,0.4296775948556276,0.455352,41.037363,0.43084439959216736,Logistic Regression,Optuna
55,PRUNED,0.4295185046509107,0.387171,41.474658,0.43084439959216736,Logistic Regression,Optuna
56,COMPLETE,0.4286417205529169,0.93923,42.464065,0.43084439959216736,Logistic Regression,Optuna
57,PRUNED,0.4293500728856691,0.403616,42.925698,0.43084439959216736,Logistic Regression,Optuna
58,COMPLETE,0.4286219733592012,0.831434,43.807481,0.43084439959216736,Logistic Regression,Optuna
59,COMPLETE,0.42587910925288713,0.70681,44.565149,0.43084439959216736,Logistic Regression,Optuna
60,COMPLETE,0.42901617791974006,0.84905,45.468186,0.43084439959216736,Logistic Regression,Optuna
61,COMPLETE,0.42916863461019306,0.795066,46.314116,0.43084439959216736,Logistic Regression,Optuna
62,COMPLETE,0.42921421275013993,0.749921,47.113784,0.43084439959216736,Logistic Regression,Optuna
63,PRUNED,0.42670456784449085,0.387384,47.551821,0.43084439959216736,Logistic Regression,Optuna
64,COMPLETE,0.42880514268755016,0.753413,48.356389,0.43084439959216736,Logistic Regression,Optuna
65,COMPLETE,0.42727068735944135,0.901097,49.316238,0.43084439959216736,Logistic Regression,Optuna
66,COMPLETE,0.4292944711856333,0.759787,50.126164,0.43084439959216736,Logistic Regression,Optuna
67,COMPLETE,0.4257452507732801,0.870488,51.049454,0.43084439959216736,Logistic Regression,Optuna
68,PRUNED,0.4307136514149039,0.441466,51.542885,0.43084439959216736,Logistic Regression,Optuna
69,PRUNED,0.41597730981755454,0.409674,52.002575,0.43084439959216736,Logistic Regression,Optuna
70,COMPLETE,0.4269166027856411,1.062617,53.1167,0.43084439959216736,Logistic Regression,Optuna
71,COMPLETE,0.429192892319514,0.814797,53.983453,0.43084439959216736,Logistic Regression,Optuna
72,PRUNED,0.4305590308912852,0.404615,54.438947,0.43084439959216736,Logistic Regression,Optuna
73,COMPLETE,0.4292782141651565,0.780835,55.269108,0.43084439959216736,Logistic Regression,Optuna
74,COMPLETE,0.42918123683546433,0.855086,56.174288,0.43084439959216736,Logistic Regression,Optuna
75,COMPLETE,0.4293032315190346,0.792767,57.019464,0.43084439959216736,Logistic Regression,Optuna
76,COMPLETE,0.42811306889071865,0.71609,57.785299,0.43084439959216736,Logistic Regression,Optuna
77,PRUNED,0.42760852221206824,0.731766,58.56686,0.43084439959216736,Logistic Regression,Optuna
78,PRUNED,0.430874893281243,0.481232,59.09975,0.430874893281243,Logistic Regression,Optuna
79,COMPLETE,0.4277313552230095,0.748387,59.900827,0.430874893281243,Logistic Regression,Optuna
80,COMPLETE,0.4288196800047433,0.807045,60.758256,0.430874893281243,Logistic Regression,Optuna
81,COMPLETE,0.4292142523160083,0.843391,61.651662,0.430874893281243,Logistic Regression,Optuna
82,COMPLETE,0.42916689031722227,0.790383,62.493017,0.430874893281243,Logistic Regression,Optuna
83,PRUNED,0.430409592886132,0.395908,62.940136,0.430874893281243,Logistic Regression,Optuna
84,PRUNED,0.43059034476728364,0.43367,63.431098,0.430874893281243,Logistic Regression,Optuna
85,PRUNED,0.428690442855154,0.41339,63.894193,0.430874893281243,Logistic Regression,Optuna
86,PRUNED,0.4290820305514969,0.532552,64.479184,0.430874893281243,Logistic Regression,Optuna
87,COMPLETE,0.42913943340490496,0.817783,65.34947,0.430874893281243,Logistic Regression,Optuna
88,COMPLETE,0.42816131485085585,0.722573,66.121839,0.430874893281243,Logistic Regression,Optuna
89,PRUNED,0.4308281563163677,0.469187,66.641699,0.430874893281243,Logistic Regression,Optuna
90,PRUNED,0.4305309603880425,0.453823,67.147197,0.430874893281243,Logistic Regression,Optuna
91,PRUNED,0.4307409108287046,0.433171,67.630656,0.430874893281243,Logistic Regression,Optuna
92,COMPLETE,0.4292582065733434,0.781182,68.462069,0.430874893281243,Logistic Regression,Optuna
93,COMPLETE,0.4293107064253092,0.844749,69.356708,0.430874893281243,Logistic Regression,Optuna
94,PRUNED,0.4246331289077697,0.378793,69.78917,0.430874893281243,Logistic Regression,Optuna
95,COMPLETE,0.4293069180640183,0.774622,70.616575,0.430874893281243,Logistic Regression,Optuna
96,COMPLETE,0.4287242610537379,0.74253,71.408511,0.430874893281243,Logistic Regression,Optuna
97,PRUNED,0.40930117834364554,0.401154,71.860963,0.430874893281243,Logistic Regression,Optuna
98,PRUNED,0.4308665838811325,0.418411,72.332445,0.430874893281243,Logistic Regression,Optuna
99,COMPLETE,0.42721566671278294,0.913142,73.29612,0.430874893281243,Logistic Regression,Optuna
100,PRUNED,0.4306170386352503,0.387396,73.734308,0.430874893281243,Logistic Regression,Optuna
101,COMPLETE,0.429284718635369,0.842756,74.626248,0.430874893281243,Logistic Regression,Optuna
102,COMPLETE,0.4289569617078666,0.828558,75.507317,0.430874893281243,Logistic Regression,Optuna
103,COMPLETE,0.429301032114154,0.766417,76.324534,0.430874893281243,Logistic Regression,Optuna
104,PRUNED,0.42982798920002907,0.40312,76.782023,0.430874893281243,Logistic Regression,Optuna
105,PRUNED,0.43008921839145653,0.429448,77.26604,0.430874893281243,Logistic Regression,Optuna
106,PRUNED,0.4307267542618717,0.447071,77.76665,0.430874893281243,Logistic Regression,Optuna
107,PRUNED,0.4291994197847677,0.38419,78.20105,0.430874893281243,Logistic Regression,Optuna
108,COMPLETE,0.4289990598707136,0.872986,79.127548,0.430874893281243,Logistic Regression,Optuna
109,PRUNED,0.4281067553225593,0.40337,79.580706,0.430874893281243,Logistic Regression,Optuna
110,PRUNED,0.42944891392090356,0.480655,80.11443,0.430874893281243,Logistic Regression,Optuna
111,COMPLETE,0.42923804508850094,0.791001,80.954611,0.430874893281243,Logistic Regression,Optuna
112,COMPLETE,0.429203930960472,0.791923,81.796745,0.430874893281243,Logistic Regression,Optuna
113,COMPLETE,0.4293149370626563,0.84053,82.687175,0.430874893281243,Logistic Regression,Optuna
114,PRUNED,0.4298578482799925,0.392056,83.130109,0.430874893281243,Logistic Regression,Optuna
115,COMPLETE,0.4292033666137273,0.797173,83.976683,0.430874893281243,Logistic Regression,Optuna
116,COMPLETE,0.4257783001261169,0.690427,84.718497,0.430874893281243,Logistic Regression,Optuna
117,COMPLETE,0.4283681725928679,0.917379,85.687892,0.430874893281243,Logistic Regression,Optuna
118,COMPLETE,0.42934026501150835,0.751502,86.498898,0.430874893281243,Logistic Regression,Optuna
119,PRUNED,0.42935016709588786,0.385709,86.934972,0.430874893281243,Logistic Regression,Optuna
120,COMPLETE,0.429284982086312,0.821753,87.809801,0.430874893281243,Logistic Regression,Optuna
121,COMPLETE,0.4292869055125403,0.768445,88.630381,0.430874893281243,Logistic Regression,Optuna
122,COMPLETE,0.4292956781618964,0.782156,89.462192,0.430874893281243,Logistic Regression,Optuna
123,COMPLETE,0.42929583574945246,0.817518,90.331006,0.430874893281243,Logistic Regression,Optuna
124,COMPLETE,0.42717610464791006,0.737171,91.121853,0.430874893281243,Logistic Regression,Optuna
125,PRUNED,0.4308272392458905,0.396928,91.568871,0.430874893281243,Logistic Regression,Optuna
126,PRUNED,0.424841800218763,0.37068,91.990202,0.430874893281243,Logistic Regression,Optuna
127,PRUNED,0.4306738706796556,0.448555,92.489442,0.430874893281243,Logistic Regression,Optuna
128,COMPLETE,0.4291608151463698,0.814679,93.354244,0.430874893281243,Logistic Regression,Optuna
129,COMPLETE,0.4289224452634613,0.750016,94.154338,0.430874893281243,Logistic Regression,Optuna
130,COMPLETE,0.42805539136390375,0.929195,95.132799,0.430874893281243,Logistic Regression,Optuna
131,COMPLETE,0.4291070269802832,0.8583,96.041223,0.430874893281243,Logistic Regression,Optuna
132,COMPLETE,0.42914341030630093,0.764863,96.855685,0.430874893281243,Logistic Regression,Optuna
133,PRUNED,0.4308493627210792,0.396764,97.303729,0.430874893281243,Logistic Regression,Optuna
134,COMPLETE,0.4293367558806411,0.791288,98.145537,0.430874893281243,Logistic Regression,Optuna
135,COMPLETE,0.42517958857376675,0.726509,98.925277,0.430874893281243,Logistic Regression,Optuna
136,PRUNED,0.42992422540652403,0.387001,99.363129,0.430874893281243,Logistic Regression,Optuna
137,PRUNED,0.43011219979453563,0.434928,99.848555,0.430874893281243,Logistic Regression,Optuna
138,PRUNED,0.43043218409100376,0.42041,100.318694,0.430874893281243,Logistic Regression,Optuna
139,COMPLETE,0.42928122857030654,0.814178,101.183091,0.430874893281243,Logistic Regression,Optuna
140,PRUNED,0.42091864475612645,0.369476,101.603081,0.430874893281243,Logistic Regression,Optuna
141,COMPLETE,0.42882330849586453,0.812154,102.46571,0.430874893281243,Logistic Regression,Optuna
142,COMPLETE,0.42909262409334054,0.803332,103.320491,0.430874893281243,Logistic Regression,Optuna
143,COMPLETE,0.42919180590315215,0.779456,104.152233,0.430874893281243,Logistic Regression,Optuna
144,COMPLETE,0.4276465045904531,0.865025,105.067381,0.430874893281243,Logistic Regression,Optuna
145,COMPLETE,0.4291219278538458,0.766379,105.882905,0.430874893281243,Logistic Regression,Optuna
146,COMPLETE,0.4292898479908713,0.790447,106.72831,0.430874893281243,Logistic Regression,Optuna
147,COMPLETE,0.4274258223010892,0.722345,107.501174,0.430874893281243,Logistic Regression,Optuna
148,PRUNED,0.4298503255597941,0.400967,107.951884,0.430874893281243,Logistic Regression,Optuna
149,COMPLETE,0.4291744122726106,0.812728,108.817729,0.430874893281243,Logistic Regression,Optuna
150,PRUNED,0.42871573402999474,0.416971,109.286343,0.430874893281243,Logistic Regression,Optuna
151,PRUNED,0.4308203432197439,0.429609,109.767467,0.430874893281243,Logistic Regression,Optuna
152,COMPLETE,0.42884445782170727,0.812866,110.631184,0.430874893281243,Logistic Regression,Optuna
153,COMPLETE,0.42933454434732227,0.862686,111.543562,0.430874893281243,Logistic Regression,Optuna
154,PRUNED,0.42984232715093607,0.398525,111.994637,0.430874893281243,Logistic Regression,Optuna
155,COMPLETE,0.42931409195349285,0.768034,112.822142,0.430874893281243,Logistic Regression,Optuna
156,COMPLETE,0.4266499882865346,1.004276,113.877142,0.430874893281243,Logistic Regression,Optuna
157,COMPLETE,0.4287081510626365,0.812396,114.750568,0.430874893281243,Logistic Regression,Optuna
158,COMPLETE,0.4285952170110867,0.838331,115.639462,0.430874893281243,Logistic Regression,Optuna
159,COMPLETE,0.4219739804011033,0.693541,116.384162,0.430874893281243,Logistic Regression,Optuna
160,PRUNED,0.42762455884471157,0.510842,116.950415,0.430874893281243,Logistic Regression,Optuna
161,COMPLETE,0.4291941789052574,0.815513,117.818356,0.430874893281243,Logistic Regression,Optuna
162,COMPLETE,0.4293645979099026,0.768528,118.636649,0.430874893281243,Logistic Regression,Optuna
163,PRUNED,0.4308238231819818,0.427601,119.116696,0.430874893281243,Logistic Regression,Optuna
164,COMPLETE,0.42896589123101664,0.847082,120.015095,0.430874893281243,Logistic Regression,Optuna
165,PRUNED,0.42948040203524895,0.398454,120.464373,0.430874893281243,Logistic Regression,Optuna
166,COMPLETE,0.42874340739586203,0.818933,121.333939,0.430874893281243,Logistic Regression,Optuna
167,PRUNED,0.42978892168244054,0.393351,121.776797,0.430874893281243,Logistic Regression,Optuna
168,COMPLETE,0.4292833977138703,0.85276,122.681116,0.430874893281243,Logistic Regression,Optuna
169,COMPLETE,0.428192267585763,0.721705,123.452896,0.430874893281243,Logistic Regression,Optuna
170,PRUNED,0.4296940108958407,0.525316,124.048568,0.430874893281243,Logistic Regression,Optuna
171,COMPLETE,0.42930983940375295,0.827189,124.925821,0.430874893281243,Logistic Regression,Optuna
172,PRUNED,0.4309125596044331,0.41509,125.394561,0.4309125596044331,Logistic Regression,Optuna
173,COMPLETE,0.42934666508252106,0.769933,126.214052,0.4309125596044331,Logistic Regression,Optuna
174,COMPLETE,0.42908867727017436,0.797471,127.061897,0.4309125596044331,Logistic Regression,Optuna
175,COMPLETE,0.4264174883871914,0.718296,127.837131,0.4309125596044331,Logistic Regression,Optuna
176,COMPLETE,0.4291394331113285,0.787174,128.675598,0.4309125596044331,Logistic Regression,Optuna
177,PRUNED,0.43011011860369647,0.428367,129.154023,0.4309125596044331,Logistic Regression,Optuna
178,PRUNED,0.4296721776680613,0.465986,129.671354,0.4309125596044331,Logistic Regression,Optuna
179,COMPLETE,0.4290253619082583,0.790773,130.515874,0.4309125596044331,Logistic Regression,Optuna
180,COMPLETE,0.42870909337614077,0.872884,131.438237,0.4309125596044331,Logistic Regression,Optuna
181,COMPLETE,0.4290813611982,0.739052,132.226966,0.4309125596044331,Logistic Regression,Optuna
182,COMPLETE,0.4291996616647727,0.82653,133.104369,0.4309125596044331,Logistic Regression,Optuna
183,COMPLETE,0.42804407633913416,0.705541,133.863021,0.4309125596044331,Logistic Regression,Optuna
184,COMPLETE,0.42912817499559425,0.791729,134.706045,0.4309125596044331,Logistic Regression,Optuna
185,PRUNED,0.4307770551737178,0.43691,135.193692,0.4309125596044331,Logistic Regression,Optuna
186,COMPLETE,0.413763910168524,0.685264,135.93103,0.4309125596044331,Logistic Regression,Optuna
187,PRUNED,0.4306547048706716,0.45557,136.438037,0.4309125596044331,Logistic Regression,Optuna
188,COMPLETE,0.4284845999981262,0.738713,137.227831,0.4309125596044331,Logistic Regression,Optuna
189,COMPLETE,0.4291242245727902,0.867738,138.148128,0.4309125596044331,Logistic Regression,Optuna
190,PRUNED,0.4300109450863608,0.397244,138.597468,0.4309125596044331,Logistic Regression,Optuna
191,COMPLETE,0.4291663370741808,0.807671,139.455138,0.4309125596044331,Logistic Regression,Optuna
192,PRUNED,0.4308348344501085,0.41865,139.925855,0.4309125596044331,Logistic Regression,Optuna
193,PRUNED,0.43061839535492624,0.464014,140.440274,0.4309125596044331,Logistic Regression,Optuna
194,PRUNED,0.4284478767196851,0.402858,140.900068,0.4309125596044331,Logistic Regression,Optuna
195,PRUNED,0.42732159232357547,0.452153,141.402988,0.4309125596044331,Logistic Regression,Optuna
196,COMPLETE,0.4291903522615035,0.788755,142.244467,0.4309125596044331,Logistic Regression,Optuna
197,COMPLETE,0.4286083931789208,0.731742,143.026717,0.4309125596044331,Logistic Regression,Optuna
198,PRUNED,0.42990893535601,0.499602,143.578925,0.4309125596044331,Logistic Regression,Optuna
199,COMPLETE,0.42918235159664125,0.783848,144.413744,0.4309125596044331,Logistic Regression,Optuna
200,PRUNED,0.4264646648565852,0.376018,144.841299,0.4309125596044331,Logistic Regression,Optuna
201,COMPLETE,0.4289867514845853,0.825993,145.717978,0.4309125596044331,Logistic Regression,Optuna
202,COMPLETE,0.4291148929508796,0.823971,146.595588,0.4309125596044331,Logistic Regression,Optuna
203,COMPLETE,0.4292045516222733,0.841629,147.487575,0.4309125596044331,Logistic Regression,Optuna
204,COMPLETE,0.4281809019897736,0.889814,148.434799,0.4309125596044331,Logistic Regression,Optuna
205,PRUNED,0.43086123725426667,0.414713,148.902146,0.4309125596044331,Logistic Regression,Optuna
206,COMPLETE,0.42870663598258213,0.747032,149.701339,0.4309125596044331,Logistic Regression,Optuna
207,PRUNED,0.4305888752870994,0.436727,150.188186,0.4309125596044331,Logistic Regression,Optuna
208,COMPLETE,0.4293292302418747,0.768261,151.006904,0.4309125596044331,Logistic Regression,Optuna
209,PRUNED,0.42581002886508046,0.42254,151.484128,0.4309125596044331,Logistic Regression,Optuna
210,PRUNED,0.4300298175926805,0.414891,151.949506,0.4309125596044331,Logistic Regression,Optuna
211,COMPLETE,0.42915975241530296,0.767884,152.768548,0.4309125596044331,Logistic Regression,Optuna
212,COMPLETE,0.42928094548468393,0.785399,153.603788,0.4309125596044331,Logistic Regression,Optuna
213,COMPLETE,0.42910662198113564,0.84376,154.501333,0.4309125596044331,Logistic Regression,Optuna
214,PRUNED,0.42963662895046867,0.384583,154.935966,0.4309125596044331,Logistic Regression,Optuna
215,COMPLETE,0.42707519227295565,0.930512,155.917123,0.4309125596044331,Logistic Regression,Optuna
216,COMPLETE,0.4292086738617893,0.830345,156.79866,0.4309125596044331,Logistic Regression,Optuna
217,COMPLETE,0.4277277703295439,0.715034,157.565075,0.4309125596044331,Logistic Regression,Optuna
218,COMPLETE,0.42882294085711675,0.828123,158.444858,0.4309125596044331,Logistic Regression,Optuna
219,COMPLETE,0.4292606955578458,0.788541,159.2834,0.4309125596044331,Logistic Regression,Optuna
220,PRUNED,0.4307364105150416,0.464218,159.80523,0.4309125596044331,Logistic Regression,Optuna
221,PRUNED,0.430363568724745,0.407729,160.26319,0.4309125596044331,Logistic Regression,Optuna
222,COMPLETE,0.4292786607559549,0.73803,161.051786,0.4309125596044331,Logistic Regression,Optuna
223,PRUNED,0.4264841472942308,0.378283,161.480332,0.4309125596044331,Logistic Regression,Optuna
224,COMPLETE,0.4288792517632742,0.861212,162.393646,0.4309125596044331,Logistic Regression,Optuna
225,COMPLETE,0.4292550945175131,0.762037,163.206599,0.4309125596044331,Logistic Regression,Optuna
226,COMPLETE,0.4283631428003673,0.872209,164.128956,0.4309125596044331,Logistic Regression,Optuna
227,PRUNED,0.4272441164449735,0.412516,164.593937,0.4309125596044331,Logistic Regression,Optuna
228,COMPLETE,0.42934276354485174,0.768347,165.415606,0.4309125596044331,Logistic Regression,Optuna
229,COMPLETE,0.4292240693740903,0.784517,166.25102,0.4309125596044331,Logistic Regression,Optuna
230,PRUNED,0.430689262479953,0.391301,166.706564,0.4309125596044331,Logistic Regression,Optuna
231,COMPLETE,0.42918753933050774,0.82456,167.584576,0.4309125596044331,Logistic Regression,Optuna
232,PRUNED,0.4300052381093874,0.38963,168.025107,0.4309125596044331,Logistic Regression,Optuna
233,COMPLETE,0.42819883762086713,0.849521,168.937912,0.4309125596044331,Logistic Regression,Optuna
234,COMPLETE,0.42931097016902536,0.829259,169.817771,0.4309125596044331,Logistic Regression,Optuna
235,PRUNED,0.4263027217728052,0.391888,170.262659,0.4309125596044331,Logistic Regression,Optuna
236,COMPLETE,0.42919853374466554,0.796628,171.109985,0.4309125596044331,Logistic Regression,Optuna
237,COMPLETE,0.4293165686920253,0.753501,171.913119,0.4309125596044331,Logistic Regression,Optuna
238,PRUNED,0.4287749648574219,0.452283,172.417417,0.4309125596044331,Logistic Regression,Optuna
239,COMPLETE,0.4293070134391925,0.775689,173.245217,0.4309125596044331,Logistic Regression,Optuna
240,COMPLETE,0.4293028555787261,0.745289,174.041572,0.4309125596044331,Logistic Regression,Optuna
241,PRUNED,0.43076005211979573,0.423326,174.516184,0.4309125596044331,Logistic Regression,Optuna
242,COMPLETE,0.4292949596123387,0.840289,175.40757,0.4309125596044331,Logistic Regression,Optuna
243,PRUNED,0.42549597988489235,0.445745,175.9088,0.4309125596044331,Logistic Regression,Optuna
244,PRUNED,0.43091227210786465,0.443192,176.402754,0.4309125596044331,Logistic Regression,Optuna
245,PRUNED,0.43084202870375987,0.399593,176.858418,0.4309125596044331,Logistic Regression,Optuna
246,COMPLETE,0.42931157792782776,0.778898,177.688627,0.4309125596044331,Logistic Regression,Optuna
247,COMPLETE,0.42821420872204136,0.865392,178.60625,0.4309125596044331,Logistic Regression,Optuna
248,PRUNED,0.43084412935016475,0.400112,179.057349,0.4309125596044331,Logistic Regression,Optuna
249,COMPLETE,0.42884177547814933,0.913796,180.022265,0.4309125596044331,Logistic Regression,Optuna
250,COMPLETE,0.42582365531531413,0.738101,180.813106,0.4309125596044331,Logistic Regression,Optuna
251,COMPLETE,0.4293462060061894,0.773529,181.637656,0.4309125596044331,Logistic Regression,Optuna
252,COMPLETE,0.42926074759512073,0.766525,182.454778,0.4309125596044331,Logistic Regression,Optuna
253,COMPLETE,0.42732536384960906,0.955131,183.462654,0.4309125596044331,Logistic Regression,Optuna
254,PRUNED,0.4304709048016852,0.389885,183.903795,0.4309125596044331,Logistic Regression,Optuna
255,PRUNED,0.4280305435455203,0.482889,184.436376,0.4309125596044331,Logistic Regression,Optuna
256,COMPLETE,0.4287760129025164,0.863269,185.349627,0.4309125596044331,Logistic Regression,Optuna
257,PRUNED,0.42698106509760836,0.425833,185.828208,0.4309125596044331,Logistic Regression,Optuna
258,COMPLETE,0.42920224641048293,0.782098,186.662673,0.4309125596044331,Logistic Regression,Optuna
259,COMPLETE,0.4289893675579333,0.738104,187.452448,0.4309125596044331,Logistic Regression,Optuna
260,COMPLETE,0.42870912266866545,0.873745,188.376465,0.4309125596044331,Logistic Regression,Optuna
261,COMPLETE,0.4284163670523709,0.730976,189.159034,0.4309125596044331,Logistic Regression,Optuna
262,COMPLETE,0.4290424127541181,0.820634,190.030699,0.4309125596044331,Logistic Regression,Optuna
263,COMPLETE,0.42891598122707336,0.758968,190.840891,0.4309125596044331,Logistic Regression,Optuna
264,COMPLETE,0.41585129160657175,0.674265,191.574983,0.4309125596044331,Logistic Regression,Optuna
265,PRUNED,0.43062510533672427,0.472143,192.101406,0.4309125596044331,Logistic Regression,Optuna
266,PRUNED,0.43075092950812804,0.400617,192.551806,0.4309125596044331,Logistic Regression,Optuna
267,COMPLETE,0.4291400080063504,0.80875,193.411253,0.4309125596044331,Logistic Regression,Optuna
268,COMPLETE,0.4275713237766244,0.723543,194.187476,0.4309125596044331,Logistic Regression,Optuna
269,COMPLETE,0.4271106647144842,0.951511,195.190478,0.4309125596044331,Logistic Regression,Optuna
270,COMPLETE,0.4291289337338052,0.831978,196.073908,0.4309125596044331,Logistic Regression,Optuna
271,PRUNED,0.4300112717042896,0.432988,196.559695,0.4309125596044331,Logistic Regression,Optuna
272,COMPLETE,0.4289332604214791,0.820679,197.433523,0.4309125596044331,Logistic Regression,Optuna
273,PRUNED,0.4283995247483713,0.379551,197.863231,0.4309125596044331,Logistic Regression,Optuna
274,COMPLETE,0.42919807062418,0.825161,198.73862,0.4309125596044331,Logistic Regression,Optuna
275,COMPLETE,0.4290630548238597,0.764967,199.555622,0.4309125596044331,Logistic Regression,Optuna
276,COMPLETE,0.4275342101306356,0.876558,200.483311,0.4309125596044331,Logistic Regression,Optuna
277,PRUNED,0.4308633738297113,0.40426,200.937106,0.4309125596044331,Logistic Regression,Optuna
278,COMPLETE,0.4242938287598796,0.762971,201.75095,0.4309125596044331,Logistic Regression,Optuna
279,COMPLETE,0.4290174834998964,0.81286,202.615138,0.4309125596044331,Logistic Regression,Optuna
280,COMPLETE,0.428909713614738,0.735654,203.400591,0.4309125596044331,Logistic Regression,Optuna
281,COMPLETE,0.4288750684542734,0.838546,204.289475,0.4309125596044331,Logistic Regression,Optuna
282,PRUNED,0.42947067244711146,0.397531,204.740658,0.4309125596044331,Logistic Regression,Optuna
283,PRUNED,0.43082686449161506,0.42828,205.221854,0.4309125596044331,Logistic Regression,Optuna
284,PRUNED,0.42737893467261606,0.472763,205.748748,0.4309125596044331,Logistic Regression,Optuna
285,PRUNED,0.43013407199824555,0.400352,206.199405,0.4309125596044331,Logistic Regression,Optuna
286,COMPLETE,0.42909998681101835,0.867148,207.116482,0.4309125596044331,Logistic Regression,Optuna
287,PRUNED,0.42456269899245114,0.386069,207.553001,0.4309125596044331,Logistic Regression,Optuna
288,COMPLETE,0.42729376780149675,0.887372,208.491382,0.4309125596044331,Logistic Regression,Optuna
289,PRUNED,0.4308000800827819,0.397897,208.939707,0.4309125596044331,Logistic Regression,Optuna
290,COMPLETE,0.429254132582848,0.799205,209.791033,0.4309125596044331,Logistic Regression,Optuna
291,PRUNED,0.43070558470772236,0.483961,210.334526,0.4309125596044331,Logistic Regression,Optuna
292,COMPLETE,0.42591033368604103,0.685363,211.069842,0.4309125596044331,Logistic Regression,Optuna
293,COMPLETE,0.4292770557959367,0.799069,211.920439,0.4309125596044331,Logistic Regression,Optuna
294,PRUNED,0.43085248209565213,0.484653,212.459269,0.4309125596044331,Logistic Regression,Optuna
295,COMPLETE,0.4285498974147837,0.769051,213.282698,0.4309125596044331,Logistic Regression,Optuna
296,COMPLETE,0.4291939179058388,0.797573,214.131487,0.4309125596044331,Logistic Regression,Optuna
297,PRUNED,0.42965783572440464,0.412173,214.593969,0.4309125596044331,Logistic Regression,Optuna
298,COMPLETE,0.4273627498725449,0.964253,215.610605,0.4309125596044331,Logistic Regression,Optuna
299,COMPLETE,0.4292815820506764,0.781543,216.443846,0.4309125596044331,Logistic Regression,Optuna
300,COMPLETE,0.42423901376658213,0.713566,217.207729,0.4309125596044331,Logistic Regression,Optuna
301,COMPLETE,0.4291338919614698,0.827861,218.08852,0.4309125596044331,Logistic Regression,Optuna
302,COMPLETE,0.4288261554407173,0.736939,218.875845,0.4309125596044331,Logistic Regression,Optuna
303,PRUNED,0.43062949557490926,0.439846,219.366926,0.4309125596044331,Logistic Regression,Optuna
304,PRUNED,0.43024061503258315,0.430221,219.848367,0.4309125596044331,Logistic Regression,Optuna
305,PRUNED,0.4307121154351696,0.456324,220.368484,0.4309125596044331,Logistic Regression,Optuna
306,PRUNED,0.42660060898587593,0.370388,220.789705,0.4309125596044331,Logistic Regression,Optuna
307,COMPLETE,0.42929899914136277,0.821064,221.661388,0.4309125596044331,Logistic Regression,Optuna
308,PRUNED,0.42858571571826987,0.50477,222.216729,0.4309125596044331,Logistic Regression,Optuna
309,COMPLETE,0.42927287407933573,0.82892,223.097217,0.4309125596044331,Logistic Regression,Optuna
310,COMPLETE,0.42865075010895115,0.855935,224.003992,0.4309125596044331,Logistic Regression,Optuna
311,COMPLETE,0.42802231045747835,0.709444,224.764607,0.4309125596044331,Logistic Regression,Optuna
312,COMPLETE,0.42914132258777027,0.812377,225.628451,0.4309125596044331,Logistic Regression,Optuna
313,PRUNED,0.43068840773572253,0.411388,226.09092,0.4309125596044331,Logistic Regression,Optuna
314,PRUNED,0.4305776227977458,0.452047,226.593982,0.4309125596044331,Logistic Regression,Optuna
315,COMPLETE,0.42247848906317276,0.702482,227.348073,0.4309125596044331,Logistic Regression,Optuna
316,PRUNED,0.4308705957273917,0.433743,227.834236,0.4309125596044331,Logistic Regression,Optuna
317,COMPLETE,0.4289368467378199,0.839335,228.725867,0.4309125596044331,Logistic Regression,Optuna
318,COMPLETE,0.42827995294345017,0.715561,229.491643,0.4309125596044331,Logistic Regression,Optuna
319,PRUNED,0.43071137031956386,0.432283,229.975615,0.4309125596044331,Logistic Regression,Optuna
320,PRUNED,0.43001531826213946,0.432064,230.468993,0.4309125596044331,Logistic Regression,Optuna
321,COMPLETE,0.429292553793101,0.77609,231.29753,0.4309125596044331,Logistic Regression,Optuna
322,PRUNED,0.4265185529954785,0.377782,231.725692,0.4309125596044331,Logistic Regression,Optuna
323,PRUNED,0.42982383290843595,0.459369,232.235772,0.4309125596044331,Logistic Regression,Optuna
324,COMPLETE,0.42924439778970735,0.817566,233.103195,0.4309125596044331,Logistic Regression,Optuna
325,COMPLETE,0.42930652347663606,0.816446,233.973907,0.4309125596044331,Logistic Regression,Optuna
326,COMPLETE,0.42912662436108745,0.811837,234.836596,0.4309125596044331,Logistic Regression,Optuna
327,PRUNED,0.4283936959463588,0.382597,235.270513,0.4309125596044331,Logistic Regression,Optuna
328,COMPLETE,0.4291112198110518,0.826074,236.14829,0.4309125596044331,Logistic Regression,Optuna
329,PRUNED,0.42949642930188636,0.460847,236.662752,0.4309125596044331,Logistic Regression,Optuna
330,PRUNED,0.4296910858124794,0.409712,237.12321,0.4309125596044331,Logistic Regression,Optuna
331,COMPLETE,0.4291971315686342,0.823665,237.997354,0.4309125596044331,Logistic Regression,Optuna
332,PRUNED,0.4161772189168469,0.407759,238.459383,0.4309125596044331,Logistic Regression,Optuna
333,PRUNED,0.4307981470984316,0.436564,238.950074,0.4309125596044331,Logistic Regression,Optuna
334,PRUNED,0.42985439453488583,0.396067,239.397952,0.4309125596044331,Logistic Regression,Optuna
335,PRUNED,0.43086543439800273,0.403213,239.853951,0.4309125596044331,Logistic Regression,Optuna
336,COMPLETE,0.4283683364156479,0.894911,240.798849,0.4309125596044331,Logistic Regression,Optuna
337,PRUNED,0.4287819326921247,0.416568,241.267481,0.4309125596044331,Logistic Regression,Optuna
338,COMPLETE,0.429193998649062,0.778787,242.097689,0.4309125596044331,Logistic Regression,Optuna
339,PRUNED,0.4298201406425174,0.412571,242.561357,0.4309125596044331,Logistic Regression,Optuna
340,COMPLETE,0.4286387621494087,0.877332,243.491163,0.4309125596044331,Logistic Regression,Optuna
341,COMPLETE,0.42931376150933404,0.780666,244.326627,0.4309125596044331,Logistic Regression,Optuna
342,COMPLETE,0.42692266217556757,0.717072,245.093913,0.4309125596044331,Logistic Regression,Optuna
343,COMPLETE,0.4292473551279765,0.790956,245.939465,0.4309125596044331,Logistic Regression,Optuna
344,COMPLETE,0.4292581720700482,0.809326,246.800722,0.4309125596044331,Logistic Regression,Optuna
345,COMPLETE,0.4257037790304929,0.800188,247.651156,0.4309125596044331,Logistic Regression,Optuna
346,COMPLETE,0.4267272522730962,0.987626,248.689788,0.4309125596044331,Logistic Regression,Optuna
347,PRUNED,0.4306823783143608,0.485971,249.228802,0.4309125596044331,Logistic Regression,Optuna
348,PRUNED,0.42556229216175195,0.379545,249.659583,0.4309125596044331,Logistic Regression,Optuna
349,PRUNED,0.4308324094231074,0.404331,250.11499,0.4309125596044331,Logistic Regression,Optuna
350,COMPLETE,0.4291943815779704,0.789691,250.964393,0.4309125596044331,Logistic Regression,Optuna
351,COMPLETE,0.42826764632630265,0.764472,251.779846,0.4309125596044331,Logistic Regression,Optuna
352,COMPLETE,0.4275916544261266,0.868325,252.700968,0.4309125596044331,Logistic Regression,Optuna
353,COMPLETE,0.42906446412301086,0.788496,253.541594,0.4309125596044331,Logistic Regression,Optuna
354,COMPLETE,0.42836035804439443,0.761427,254.353365,0.4309125596044331,Logistic Regression,Optuna
355,COMPLETE,0.4118467341457326,0.681134,255.087262,0.4309125596044331,Logistic Regression,Optuna
356,COMPLETE,0.4290189336283874,0.822078,255.960146,0.4309125596044331,Logistic Regression,Optuna
357,COMPLETE,0.42913939204268936,0.762497,256.773542,0.4309125596044331,Logistic Regression,Optuna
358,PRUNED,0.42993984864470636,0.50494,257.339083,0.4309125596044331,Logistic Regression,Optuna
359,COMPLETE,0.4289945893671569,0.743163,258.132137,0.4309125596044331,Logistic Regression,Optuna
360,COMPLETE,0.42907849746599114,0.8243,259.007602,0.4309125596044331,Logistic Regression,Optuna
361,PRUNED,0.4260864946267084,0.404527,259.462964,0.4309125596044331,Logistic Regression,Optuna
362,COMPLETE,0.4292005852485164,0.814644,260.331529,0.4309125596044331,Logistic Regression,Optuna
363,COMPLETE,0.4286424694150335,0.844436,261.227436,0.4309125596044331,Logistic Regression,Optuna
364,COMPLETE,0.4284098074768706,0.719858,261.998047,0.4309125596044331,Logistic Regression,Optuna
365,COMPLETE,0.4292864083358366,0.786805,262.837975,0.4309125596044331,Logistic Regression,Optuna
366,PRUNED,0.43036291109079355,0.456043,263.344783,0.4309125596044331,Logistic Regression,Optuna
367,PRUNED,0.42772793785372487,0.387794,263.78354,0.4309125596044331,Logistic Regression,Optuna
368,COMPLETE,0.42915307853057283,0.806355,264.640055,0.4309125596044331,Logistic Regression,Optuna
369,COMPLETE,0.4291531631520134,0.855732,265.549265,0.4309125596044331,Logistic Regression,Optuna
370,PRUNED,0.4284341586853697,0.38567,265.985337,0.4309125596044331,Logistic Regression,Optuna
371,PRUNED,0.42961006446510674,0.470102,266.506597,0.4309125596044331,Logistic Regression,Optuna
372,COMPLETE,0.42914264347503384,0.846001,267.404527,0.4309125596044331,Logistic Regression,Optuna
373,PRUNED,0.42880010087516907,0.467935,267.927697,0.4309125596044331,Logistic Regression,Optuna
374,COMPLETE,0.428996410211949,0.831152,268.812395,0.4309125596044331,Logistic Regression,Optuna
375,PRUNED,0.43039463527679056,0.415099,269.27934,0.4309125596044331,Logistic Regression,Optuna
376,PRUNED,0.43064078428087316,0.439309,269.769161,0.4309125596044331,Logistic Regression,Optuna
377,COMPLETE,0.4240232639502269,0.779337,270.601031,0.4309125596044331,Logistic Regression,Optuna
378,COMPLETE,0.4292542911125004,0.819416,271.48046,0.4309125596044331,Logistic Regression,Optuna
379,PRUNED,0.428713180455777,0.513699,272.044623,0.4309125596044331,Logistic Regression,Optuna
380,COMPLETE,0.42925232418927645,0.798524,272.895303,0.4309125596044331,Logistic Regression,Optuna
381,PRUNED,0.42936999435842804,0.42295,273.371498,0.4309125596044331,Logistic Regression,Optuna
382,COMPLETE,0.4288900383773706,0.821868,274.24496,0.4309125596044331,Logistic Regression,Optuna
383,COMPLETE,0.4287790389729265,0.738761,275.035194,0.4309125596044331,Logistic Regression,Optuna
384,PRUNED,0.43079367490966236,0.480043,275.566925,0.4309125596044331,Logistic Regression,Optuna
385,PRUNED,0.42558831819019616,0.374616,275.995,0.4309125596044331,Logistic Regression,Optuna
386,COMPLETE,0.42922226755101134,0.769907,276.81603,0.4309125596044331,Logistic Regression,Optuna
387,PRUNED,0.43086830086049216,0.415333,277.282745,0.4309125596044331,Logistic Regression,Optuna
388,PRUNED,0.4298034952420404,0.493336,277.826525,0.4309125596044331,Logistic Regression,Optuna
389,PRUNED,0.43004497679491704,0.438766,278.319614,0.4309125596044331,Logistic Regression,Optuna
390,PRUNED,0.43089390982734355,0.425563,278.798979,0.4309125596044331,Logistic Regression,Optuna
391,PRUNED,0.42393445124128387,0.378806,279.228308,0.4309125596044331,Logistic Regression,Optuna
392,COMPLETE,0.4292805072783312,0.780323,280.058662,0.4309125596044331,Logistic Regression,Optuna
393,PRUNED,0.43067930807223576,0.470686,280.579349,0.4309125596044331,Logistic Regression,Optuna
394,PRUNED,0.4294570194931608,0.408988,281.041512,0.4309125596044331,Logistic Regression,Optuna
395,COMPLETE,0.4291992434726059,0.782909,281.878962,0.4309125596044331,Logistic Regression,Optuna
396,COMPLETE,0.4282906333602378,0.864748,282.794408,0.4309125596044331,Logistic Regression,Optuna
397,PRUNED,0.426103992650655,0.39423,283.238988,0.4309125596044331,Logistic Regression,Optuna
398,PRUNED,0.43088141580150674,0.431423,283.723884,0.4309125596044331,Logistic Regression,Optuna
399,COMPLETE,0.4291287383399021,0.784224,284.559419,0.4309125596044331,Logistic Regression,Optuna
400,COMPLETE,0.4266427961151645,0.969307,285.58148,0.4309125596044331,Logistic Regression,Optuna
401,PRUNED,0.4294805659484432,0.416716,286.055133,0.4309125596044331,Logistic Regression,Optuna
402,PRUNED,0.43073577263747076,0.436768,286.545592,0.4309125596044331,Logistic Regression,Optuna
403,PRUNED,0.42115369305179745,0.369689,286.967752,0.4309125596044331,Logistic Regression,Optuna
404,PRUNED,0.4304869119226432,0.409712,287.428258,0.4309125596044331,Logistic Regression,Optuna
405,COMPLETE,0.4288674484777917,0.833139,288.312738,0.4309125596044331,Logistic Regression,Optuna
406,PRUNED,0.43011305081329554,0.428922,288.79453,0.4309125596044331,Logistic Regression,Optuna
407,COMPLETE,0.428638377079442,0.850559,289.697945,0.4309125596044331,Logistic Regression,Optuna
408,COMPLETE,0.4289797561927868,0.748107,290.499169,0.4309125596044331,Logistic Regression,Optuna
409,COMPLETE,0.42920520138317125,0.815191,291.370997,0.4309125596044331,Logistic Regression,Optuna
410,COMPLETE,0.42582105877379367,0.695984,292.120799,0.4309125596044331,Logistic Regression,Optuna
411,COMPLETE,0.428343366999098,0.861813,293.033492,0.4309125596044331,Logistic Regression,Optuna
412,PRUNED,0.43073812423274804,0.406195,293.490258,0.4309125596044331,Logistic Regression,Optuna
413,PRUNED,0.4275766631050753,0.491544,294.03352,0.4309125596044331,Logistic Regression,Optuna
414,COMPLETE,0.42899649810905044,0.827607,294.91486,0.4309125596044331,Logistic Regression,Optuna
415,PRUNED,0.4289987347545747,0.392967,295.358301,0.4309125596044331,Logistic Regression,Optuna
416,PRUNED,0.4275240640106376,0.438856,295.847745,0.4309125596044331,Logistic Regression,Optuna
417,COMPLETE,0.42718435538886323,0.98069,296.879664,0.4309125596044331,Logistic Regression,Optuna
418,COMPLETE,0.4291909498851843,0.798583,297.729602,0.4309125596044331,Logistic Regression,Optuna
419,PRUNED,0.42885637011690103,0.430042,298.210235,0.4309125596044331,Logistic Regression,Optuna
420,COMPLETE,0.4289932705872939,0.825795,299.08667,0.4309125596044331,Logistic Regression,Optuna
421,PRUNED,0.416990064317188,0.390619,299.530177,0.4309125596044331,Logistic Regression,Optuna
422,PRUNED,0.4307482839325948,0.414806,299.996062,0.4309125596044331,Logistic Regression,Optuna
0,COMPLETE,0.4020188917816463,16.854377,16.854377,0.4020188917816463,Extra Trees,Optuna
1,COMPLETE,0.40927102352917827,9.885729,26.799494,0.40927102352917827,Extra Trees,Optuna
2,COMPLETE,0.41002474949202933,12.896818,39.747199,0.41002474949202933,Extra Trees,Optuna
3,COMPLETE,0.41471483758031624,7.582574,47.388919,0.41471483758031624,Extra Trees,Optuna
4,PRUNED,0.407359181912105,4.785628,52.235904,0.41471483758031624,Extra Trees,Optuna
5,PRUNED,0.37347208190530395,7.948355,60.240471,0.41471483758031624,Extra Trees,Optuna
6,COMPLETE,0.40166455006012747,10.108119,70.400658,0.41471483758031624,Extra Trees,Optuna
7,PRUNED,0.4015151622723564,7.974721,78.426576,0.41471483758031624,Extra Trees,Optuna
8,COMPLETE,0.41245659081010727,11.510786,89.989262,0.41471483758031624,Extra Trees,Optuna
9,COMPLETE,0.4113808896788167,16.521025,106.562034,0.41471483758031624,Extra Trees,Optuna
10,COMPLETE,0.41573147089726686,6.456912,113.069863,0.41573147089726686,Extra Trees,Optuna
11,PRUNED,0.41266384218828067,4.354815,117.490561,0.41573147089726686,Extra Trees,Optuna
12,COMPLETE,0.4174192481137786,6.415108,123.958778,0.4174192481137786,Extra Trees,Optuna
13,COMPLETE,0.41483746719472386,8.112677,132.124973,0.4174192481137786,Extra Trees,Optuna
14,PRUNED,0.3744796051422886,24.354127,156.534838,0.4174192481137786,Extra Trees,Optuna
15,COMPLETE,0.41756712984504035,4.117048,160.705836,0.41756712984504035,Extra Trees,Optuna
16,PRUNED,0.41138422780378914,1.269403,162.025912,0.41756712984504035,Extra Trees,Optuna
17,COMPLETE,0.41595626032175925,6.28616,168.364489,0.41756712984504035,Extra Trees,Optuna
18,COMPLETE,0.41226629686464217,3.208442,171.626035,0.41756712984504035,Extra Trees,Optuna
19,PRUNED,0.411238934202368,1.768781,173.449651,0.41756712984504035,Extra Trees,Optuna
20,PRUNED,0.41059797744187404,4.074157,177.579001,0.41756712984504035,Extra Trees,Optuna
21,COMPLETE,0.41022233004557923,6.033865,183.667572,0.41756712984504035,Extra Trees,Optuna
22,COMPLETE,0.41175530873909594,5.441411,189.162614,0.41756712984504035,Extra Trees,Optuna
23,COMPLETE,0.4181455429849282,4.822071,194.04111,0.4181455429849282,Extra Trees,Optuna
24,COMPLETE,0.41666731671407126,4.489586,198.581138,0.4181455429849282,Extra Trees,Optuna
25,PRUNED,0.41239903780053444,2.375066,201.008259,0.4181455429849282,Extra Trees,Optuna
26,PRUNED,0.40770309794998216,1.499822,202.564233,0.4181455429849282,Extra Trees,Optuna
27,PRUNED,0.40833701621504936,3.348007,205.965027,0.4181455429849282,Extra Trees,Optuna
28,PRUNED,0.3742285819148542,6.679515,212.698054,0.4181455429849282,Extra Trees,Optuna
29,PRUNED,0.4063444565287796,7.350672,220.103219,0.4181455429849282,Extra Trees,Optuna
30,PRUNED,0.39739955904237484,5.129474,225.286734,0.4181455429849282,Extra Trees,Optuna
31,COMPLETE,0.4175146047646261,4.934175,230.2775,0.4181455429849282,Extra Trees,Optuna
32,COMPLETE,0.41788918280477544,3.338543,233.691208,0.4181455429849282,Extra Trees,Optuna
33,COMPLETE,0.4104061346751646,2.680685,236.424914,0.4181455429849282,Extra Trees,Optuna
34,PRUNED,0.40592848525863057,2.262018,238.739983,0.4181455429849282,Extra Trees,Optuna
35,COMPLETE,0.4172585021950265,2.548785,241.341249,0.4181455429849282,Extra Trees,Optuna
36,COMPLETE,0.4114206469270387,3.925501,245.316961,0.4181455429849282,Extra Trees,Optuna
37,PRUNED,0.39702690370017407,3.019101,248.389323,0.4181455429849282,Extra Trees,Optuna
38,PRUNED,0.3724019695624766,19.821234,268.264569,0.4181455429849282,Extra Trees,Optuna
39,COMPLETE,0.41485890653243657,2.226503,270.555886,0.4181455429849282,Extra Trees,Optuna
40,COMPLETE,0.41317500409695757,2.439052,273.047458,0.4181455429849282,Extra Trees,Optuna
41,COMPLETE,0.37668772998521627,20.48051,293.580479,0.4181455429849282,Extra Trees,Optuna
42,COMPLETE,0.4175704946247529,6.629816,300.276186,0.4181455429849282,Extra Trees,Optuna
0,COMPLETE,0.39601822902034084,16.704756,16.704756,0.39601822902034084,CatBoost,Optuna
1,COMPLETE,0.40849189171808603,23.386152,40.142586,0.40849189171808603,CatBoost,Optuna
2,COMPLETE,0.39263264307938733,77.503274,117.697685,0.40849189171808603,CatBoost,Optuna
3,COMPLETE,0.4048733927683803,11.394887,129.151566,0.40849189171808603,CatBoost,Optuna
4,COMPLETE,0.41226442404529,9.871634,139.07548,0.41226442404529,CatBoost,Optuna
5,COMPLETE,0.38428202388748156,30.677966,169.806021,0.41226442404529,CatBoost,Optuna
6,PRUNED,0.4078230309067442,30.244284,200.102201,0.41226442404529,CatBoost,Optuna
7,PRUNED,0.3781473299893173,5.579062,205.733,0.41226442404529,CatBoost,Optuna
8,PRUNED,0.37677772087614547,32.738563,238.524556,0.41226442404529,CatBoost,Optuna
9,COMPLETE,0.36422954266866675,31.319815,269.895917,0.41226442404529,CatBoost,Optuna
10,COMPLETE,0.4191431190207704,5.274981,275.224203,0.4191431190207704,CatBoost,Optuna
11,COMPLETE,0.41716192316216,5.203528,280.482696,0.4191431190207704,CatBoost,Optuna
12,COMPLETE,0.41566527059140485,5.667184,286.204833,0.4191431190207704,CatBoost,Optuna
13,COMPLETE,0.42271061242853986,5.456584,291.714965,0.42271061242853986,CatBoost,Optuna
14,COMPLETE,0.42252630967309873,4.618938,296.388602,0.42271061242853986,CatBoost,Optuna
15,COMPLETE,0.4210818519662909,7.589866,304.032822,0.42271061242853986,CatBoost,Optuna
0,,0.4260820858176773,0.810784,0.810784,0.4260820858176773,Logistic Regression,FLAML
1,,0.4257877982653773,0.820968,1.631752,0.4260820858176773,Logistic Regression,FLAML
2,,0.4267846209987483,1.013693,2.645445,0.4267846209987483,Logistic Regression,FLAML
3,,0.4282361975710951,0.854282,3.499727,0.4282361975710951,Logistic Regression,FLAML
4,,0.42733358054689335,0.934151,4.433878,0.4282361975710951,Logistic Regression,FLAML
5,,0.4287545660120855,0.848322,5.2822,0.4287545660120855,Logistic Regression,FLAML
6,,0.42918866904077646,0.785009,6.067208999999999,0.42918866904077646,Logistic Regression,FLAML
7,,0.42897487679641877,0.739958,6.807166999999999,0.42918866904077646,Logistic Regression,FLAML
8,,0.42877668210798303,0.876077,7.683243999999998,0.42918866904077646,Logistic Regression,FLAML
9,,0.4286474066538369,0.841807,8.525050999999998,0.42918866904077646,Logistic Regression,FLAML
10,,0.42862834812221823,0.775434,9.300484999999998,0.42918866904077646,Logistic Regression,FLAML
11,,0.42683286180736363,1.070308,10.370792999999999,0.42918866904077646,Logistic Regression,FLAML
12,,0.4292124521548198,0.762939,11.133731999999998,0.4292124521548198,Logistic Regression,FLAML
13,,0.4289309045440559,0.750097,11.883828999999999,0.4292124521548198,Logistic Regression,FLAML
14,,0.42882157788090386,0.874772,12.758600999999999,0.4292124521548198,Logistic Regression,FLAML
15,,0.42876462575386887,0.726384,13.484984999999998,0.4292124521548198,Logistic Regression,FLAML
16,,0.428803994823118,0.852725,14.337709999999998,0.4292124521548198,Logistic Regression,FLAML
17,,0.42921678600791885,0.74861,15.086319999999997,0.42921678600791885,Logistic Regression,FLAML
18,,0.4273549161915189,0.714204,15.800523999999998,0.42921678600791885,Logistic Regression,FLAML
19,,0.4289985877362052,0.792287,16.592810999999998,0.42921678600791885,Logistic Regression,FLAML
20,,0.4291490455035392,0.743756,17.336567,0.42921678600791885,Logistic Regression,FLAML
21,,0.4292240149568256,0.799789,18.136356,0.4292240149568256,Logistic Regression,FLAML
22,,0.42908818377079144,0.779349,18.915705,0.4292240149568256,Logistic Regression,FLAML
23,,0.42804331165519477,0.709641,19.625346,0.4292240149568256,Logistic Regression,FLAML
24,,0.4290426967717298,0.872127,20.497473,0.4292240149568256,Logistic Regression,FLAML
25,,0.4278493877778427,0.698811,21.196284,0.4292240149568256,Logistic Regression,FLAML
26,,0.42915469993866734,0.774682,21.970965999999997,0.4292240149568256,Logistic Regression,FLAML
27,,0.4282245941511515,0.723034,22.693999999999996,0.4292240149568256,Logistic Regression,FLAML
28,,0.42915191563214,0.839243,23.533242999999995,0.4292240149568256,Logistic Regression,FLAML
29,,0.4281918957271656,0.716809,24.250051999999997,0.4292240149568256,Logistic Regression,FLAML
30,,0.42816582285860366,0.723751,24.973802999999997,0.4292240149568256,Logistic Regression,FLAML
31,,0.42911995476241077,0.840876,25.814678999999998,0.4292240149568256,Logistic Regression,FLAML
32,,0.4291995214926665,0.808178,26.622857,0.4292240149568256,Logistic Regression,FLAML
33,,0.4287496065356449,0.739431,27.362288,0.4292240149568256,Logistic Regression,FLAML
34,,0.42920294604477477,0.787618,28.149905999999998,0.4292240149568256,Logistic Regression,FLAML
35,,0.4292210361826367,0.828547,28.978453,0.4292240149568256,Logistic Regression,FLAML
36,,0.42877829129745665,0.778243,29.756695999999998,0.4292240149568256,Logistic Regression,FLAML
37,,0.42565727803687387,0.821243,30.577938999999997,0.4292240149568256,Logistic Regression,FLAML
38,,0.42611971979885815,0.872204,31.450142999999997,0.4292240149568256,Logistic Regression,FLAML
39,,0.4258733564491717,0.827609,32.277752,0.4292240149568256,Logistic Regression,FLAML
40,,0.42593141413894325,0.85803,33.135782,0.4292240149568256,Logistic Regression,FLAML
41,,0.4272228141975181,0.992004,34.127786,0.4292240149568256,Logistic Regression,FLAML
42,,0.4271412414376364,0.944186,35.071972,0.4292240149568256,Logistic Regression,FLAML
43,,0.42605719694411653,0.833588,35.90556,0.4292240149568256,Logistic Regression,FLAML
44,,0.4259153493980003,0.88652,36.79208,0.4292240149568256,Logistic Regression,FLAML
45,,0.429111089578331,0.789353,37.581433,0.4292240149568256,Logistic Regression,FLAML
46,,0.42923570774183095,0.816332,38.397765,0.42923570774183095,Logistic Regression,FLAML
47,,0.4292240149568256,0.810848,39.208613,0.42923570774183095,Logistic Regression,FLAML
48,,0.42863707311923127,0.835784,40.044397,0.42923570774183095,Logistic Regression,FLAML
49,,0.42079407781758404,0.696005,40.740401999999996,0.42923570774183095,Logistic Regression,FLAML
50,,0.42878876959506157,0.76849,41.508891999999996,0.42923570774183095,Logistic Regression,FLAML
51,,0.42925915263453457,0.776227,42.285118999999995,0.42925915263453457,Logistic Regression,FLAML
52,,0.42908335235665845,0.810348,43.09546699999999,0.42925915263453457,Logistic Regression,FLAML
53,,0.42876327565280564,0.781045,43.87651199999999,0.42925915263453457,Logistic Regression,FLAML
54,,0.42918018226897,0.835422,44.71193399999999,0.42925915263453457,Logistic Regression,FLAML
55,,0.42894812964909046,0.817462,45.52939599999999,0.42925915263453457,Logistic Regression,FLAML
56,,0.42926938356610145,0.735136,46.26453199999999,0.42926938356610145,Logistic Regression,FLAML
57,,0.42925915263453457,0.798618,47.063149999999986,0.42926938356610145,Logistic Regression,FLAML
58,,0.42929608227211863,0.758175,47.82132499999999,0.42929608227211863,Logistic Regression,FLAML
59,,0.42920962628157183,0.775473,48.596797999999986,0.42929608227211863,Logistic Regression,FLAML
60,,0.42885134437342876,0.767181,49.363978999999986,0.42929608227211863,Logistic Regression,FLAML
61,,0.4291217072505922,0.780578,50.144556999999985,0.42929608227211863,Logistic Regression,FLAML
62,,0.42931684483659543,0.788183,50.93273999999998,0.42931684483659543,Logistic Regression,FLAML
63,,0.4288873485575609,0.74552,51.67825999999998,0.42931684483659543,Logistic Regression,FLAML
64,,0.4290638140834629,0.840318,52.518577999999984,0.42931684483659543,Logistic Regression,FLAML
65,,0.428751857620629,0.727307,53.24588499999999,0.42931684483659543,Logistic Regression,FLAML
66,,0.42901210000941276,0.806432,54.05231699999999,0.42931684483659543,Logistic Regression,FLAML
67,,0.42893417175897763,0.75857,54.81088699999999,0.42931684483659543,Logistic Regression,FLAML
68,,0.42909667582042504,0.821448,55.63233499999998,0.42931684483659543,Logistic Regression,FLAML
69,,0.42916347845093555,0.778364,56.41069899999999,0.42931684483659543,Logistic Regression,FLAML
70,,0.4292539575003413,0.815212,57.22591099999999,0.42931684483659543,Logistic Regression,FLAML
71,,0.4292214005202543,0.853951,58.07986199999999,0.42931684483659543,Logistic Regression,FLAML
72,,0.4292359616745098,0.745537,58.82539899999999,0.42931684483659543,Logistic Regression,FLAML
73,,0.42897687127131706,0.811268,59.63666699999999,0.42931684483659543,Logistic Regression,FLAML
74,,0.4291232706569361,0.864857,60.50152399999999,0.42931684483659543,Logistic Regression,FLAML
75,,0.429327950939345,0.770173,61.27169699999999,0.429327950939345,Logistic Regression,FLAML
76,,0.4292317230214524,0.789522,62.06121899999999,0.429327950939345,Logistic Regression,FLAML
77,,0.4291491774915614,0.75911,62.82032899999999,0.429327950939345,Logistic Regression,FLAML
78,,0.4290220441349426,0.848591,63.668919999999986,0.429327950939345,Logistic Regression,FLAML
79,,0.42895256149037,0.726666,64.39558599999998,0.429327950939345,Logistic Regression,FLAML
80,,0.429185461349417,0.756746,65.15233199999999,0.429327950939345,Logistic Regression,FLAML
81,,0.42921519279850573,0.920082,66.07241399999998,0.429327950939345,Logistic Regression,FLAML
82,,0.42921229349402007,0.768393,66.84080699999998,0.429327950939345,Logistic Regression,FLAML
83,,0.4293382311363143,0.777213,67.61801999999999,0.4293382311363143,Logistic Regression,FLAML
84,,0.42143829486510603,0.740997,68.35901699999998,0.4293382311363143,Logistic Regression,FLAML
85,,0.4291153443819349,0.815381,69.17439799999998,0.4293382311363143,Logistic Regression,FLAML
86,,0.42883071585008325,0.738008,69.91240599999998,0.4293382311363143,Logistic Regression,FLAML
87,,0.42914775040231334,0.820228,70.73263399999998,0.4293382311363143,Logistic Regression,FLAML
88,,0.42904006917364823,0.746452,71.47908599999998,0.4293382311363143,Logistic Regression,FLAML
89,,0.4292220115049292,0.782177,72.26126299999999,0.4293382311363143,Logistic Regression,FLAML
90,,0.42912343509318845,0.732604,72.99386699999998,0.4293382311363143,Logistic Regression,FLAML
91,,0.42913284838506555,0.837913,73.83177999999998,0.4293382311363143,Logistic Regression,FLAML
92,,0.4288669889898567,0.755929,74.58770899999998,0.4293382311363143,Logistic Regression,FLAML
93,,0.42917645736313914,0.776777,75.36448599999997,0.4293382311363143,Logistic Regression,FLAML
94,,0.4290212750384848,0.798195,76.16268099999998,0.4293382311363143,Logistic Regression,FLAML
95,,0.429328670334671,0.799841,76.96252199999998,0.4293382311363143,Logistic Regression,FLAML
96,,0.42927140872776354,0.745536,77.70805799999998,0.4293382311363143,Logistic Regression,FLAML
97,,0.42903593669647516,0.760588,78.46864599999998,0.4293382311363143,Logistic Regression,FLAML
98,,0.4292063073283204,0.803863,79.27250899999999,0.4293382311363143,Logistic Regression,FLAML
99,,0.42933496838684465,0.784477,80.05698599999998,0.4293382311363143,Logistic Regression,FLAML
100,,0.4292520317773189,0.766499,80.82348499999998,0.4293382311363143,Logistic Regression,FLAML
101,,0.4289081503999004,0.773529,81.59701399999997,0.4293382311363143,Logistic Regression,FLAML
102,,0.42909140591538947,0.7997,82.39671399999997,0.4293382311363143,Logistic Regression,FLAML
103,,0.429216183012947,0.754697,83.15141099999997,0.4293382311363143,Logistic Regression,FLAML
104,,0.42918244676960143,0.825568,83.97697899999997,0.4293382311363143,Logistic Regression,FLAML
105,,0.4289443201300383,0.76011,84.73708899999997,0.4293382311363143,Logistic Regression,FLAML
106,,0.4290550760126722,0.775607,85.51269599999996,0.4293382311363143,Logistic Regression,FLAML
107,,0.4292156502949956,0.808239,86.32093499999996,0.4293382311363143,Logistic Regression,FLAML
108,,0.4289342506156171,0.782581,87.10351599999996,0.4293382311363143,Logistic Regression,FLAML
109,,0.4291119511729023,0.784862,87.88837799999996,0.4293382311363143,Logistic Regression,FLAML
110,,0.42897133542831484,0.748312,88.63668999999996,0.4293382311363143,Logistic Regression,FLAML
111,,0.4289535686354263,0.778707,89.41539699999996,0.4293382311363143,Logistic Regression,FLAML
112,,0.4286911982367642,0.8454,90.26079699999995,0.4293382311363143,Logistic Regression,FLAML
113,,0.4292251290792201,0.801254,91.06205099999995,0.4293382311363143,Logistic Regression,FLAML
114,,0.42925822482194786,0.834615,91.89666599999995,0.4293382311363143,Logistic Regression,FLAML
115,,0.42897825810434215,0.793357,92.69002299999995,0.4293382311363143,Logistic Regression,FLAML
116,,0.42835773618752415,0.725966,93.41598899999995,0.4293382311363143,Logistic Regression,FLAML
117,,0.42911401452001025,0.819307,94.23529599999995,0.4293382311363143,Logistic Regression,FLAML
118,,0.42898048467978067,0.786926,95.02222199999994,0.4293382311363143,Logistic Regression,FLAML
119,,0.42919625712853415,0.750291,95.77251299999995,0.4293382311363143,Logistic Regression,FLAML
120,,0.4290790617667913,0.75067,96.52318299999995,0.4293382311363143,Logistic Regression,FLAML
121,,0.42901497682848816,0.769127,97.29230999999994,0.4293382311363143,Logistic Regression,FLAML
122,,0.42593932410263546,0.819282,98.11159199999994,0.4293382311363143,Logistic Regression,FLAML
123,,0.4291211414094606,0.777689,98.88928099999994,0.4293382311363143,Logistic Regression,FLAML
124,,0.42934486786948645,0.795625,99.68490599999994,0.42934486786948645,Logistic Regression,FLAML
125,,0.4293382311363143,0.79821,100.48311599999994,0.42934486786948645,Logistic Regression,FLAML
126,,0.42919731589528715,0.780022,101.26313799999994,0.42934486786948645,Logistic Regression,FLAML
127,,0.4293136325513644,0.774919,102.03805699999994,0.42934486786948645,Logistic Regression,FLAML
128,,0.42925955008781064,0.797925,102.83598199999994,0.42934486786948645,Logistic Regression,FLAML
129,,0.42911652411162954,0.786169,103.62215099999995,0.42934486786948645,Logistic Regression,FLAML
130,,0.42907883471769953,0.794511,104.41666199999995,0.42934486786948645,Logistic Regression,FLAML
131,,0.4290642951633898,0.780177,105.19683899999994,0.42934486786948645,Logistic Regression,FLAML
132,,0.42925963345348866,0.77641,105.97324899999994,0.42934486786948645,Logistic Regression,FLAML
133,,0.4291429724099007,0.841914,106.81516299999994,0.42934486786948645,Logistic Regression,FLAML
134,,0.42916254946434146,0.783213,107.59837599999994,0.42934486786948645,Logistic Regression,FLAML
135,,0.42927126371844465,0.773351,108.37172699999995,0.42934486786948645,Logistic Regression,FLAML
136,,0.4292293522888862,0.763811,109.13553799999995,0.42934486786948645,Logistic Regression,FLAML
137,,0.42928563760916844,0.759609,109.89514699999995,0.42934486786948645,Logistic Regression,FLAML
138,,0.42907429160543814,0.820632,110.71577899999996,0.42934486786948645,Logistic Regression,FLAML
139,,0.4292315340867743,0.75818,111.47395899999995,0.42934486786948645,Logistic Regression,FLAML
140,,0.42922893508287435,0.760282,112.23424099999995,0.42934486786948645,Logistic Regression,FLAML
141,,0.4293175566484427,0.821772,113.05601299999995,0.42934486786948645,Logistic Regression,FLAML
142,,0.4293107982159343,0.78345,113.83946299999995,0.42934486786948645,Logistic Regression,FLAML
143,,0.429287285203233,0.754237,114.59369999999996,0.42934486786948645,Logistic Regression,FLAML
144,,0.4292380691635185,1.280094,115.87379399999996,0.42934486786948645,Logistic Regression,FLAML
145,,0.4291883965870409,0.77734,116.65113399999996,0.42934486786948645,Logistic Regression,FLAML
146,,0.42912816148785665,0.809469,117.46060299999996,0.42934486786948645,Logistic Regression,FLAML
147,,0.42914984388582256,0.746614,118.20721699999996,0.42934486786948645,Logistic Regression,FLAML
148,,0.4291944276696458,0.824774,119.03199099999996,0.42934486786948645,Logistic Regression,FLAML
149,,0.4292952529589072,0.792711,119.82470199999996,0.42934486786948645,Logistic Regression,FLAML
150,,0.42915497373565814,0.775117,120.59981899999995,0.42934486786948645,Logistic Regression,FLAML
151,,0.42926029484382133,0.887608,121.48742699999995,0.42934486786948645,Logistic Regression,FLAML
152,,0.4291964775917478,0.857317,122.34474399999995,0.42934486786948645,Logistic Regression,FLAML
153,,0.4293146862924366,0.779626,123.12436999999994,0.42934486786948645,Logistic Regression,FLAML
154,,0.429221805985948,0.814696,123.93906599999994,0.42934486786948645,Logistic Regression,FLAML
155,,0.42919715937252123,0.766998,124.70606399999994,0.42934486786948645,Logistic Regression,FLAML
156,,0.42914330048783483,0.754954,125.46101799999994,0.42934486786948645,Logistic Regression,FLAML
157,,0.4291225057394595,0.850185,126.31120299999994,0.42934486786948645,Logistic Regression,FLAML
158,,0.4291793257375725,0.871689,127.18289199999994,0.42934486786948645,Logistic Regression,FLAML
159,,0.4291207002804472,0.747995,127.93088699999994,0.42934486786948645,Logistic Regression,FLAML
160,,0.4291852747206259,0.766123,128.69700999999995,0.42934486786948645,Logistic Regression,FLAML
161,,0.4292942289230542,0.819175,129.51618499999995,0.42934486786948645,Logistic Regression,FLAML
162,,0.4292893049092689,0.774295,130.29047999999995,0.42934486786948645,Logistic Regression,FLAML
163,,0.426958655299216,0.998065,131.28854499999994,0.42934486786948645,Logistic Regression,FLAML
164,,0.42918418480639,0.832373,132.12091799999993,0.42934486786948645,Logistic Regression,FLAML
165,,0.42922638144329883,0.725859,132.84677699999995,0.42934486786948645,Logistic Regression,FLAML
166,,0.4291152734923546,0.78891,133.63568699999993,0.42934486786948645,Logistic Regression,FLAML
167,,0.429191146912838,0.74938,134.38506699999994,0.42934486786948645,Logistic Regression,FLAML
168,,0.4292272737203264,0.827982,135.21304899999993,0.42934486786948645,Logistic Regression,FLAML
169,,0.4287977222315195,0.736314,135.94936299999992,0.42934486786948645,Logistic Regression,FLAML
170,,0.42926594284159475,0.776138,136.72550099999992,0.42934486786948645,Logistic Regression,FLAML
171,,0.4291856396613119,0.807391,137.53289199999992,0.42934486786948645,Logistic Regression,FLAML
172,,0.42928395902111216,0.75209,138.28498199999993,0.42934486786948645,Logistic Regression,FLAML
173,,0.42923022149827667,0.787823,139.07280499999993,0.42934486786948645,Logistic Regression,FLAML
174,,0.42806445297143353,0.934458,140.00726299999994,0.42934486786948645,Logistic Regression,FLAML
175,,0.4292566663046679,0.764334,140.77159699999993,0.42934486786948645,Logistic Regression,FLAML
176,,0.4292457390034379,0.799663,141.57125999999994,0.42934486786948645,Logistic Regression,FLAML
177,,0.4290578271193019,0.809109,142.38036899999994,0.42934486786948645,Logistic Regression,FLAML
178,,0.4291612659644352,0.811287,143.19165599999994,0.42934486786948645,Logistic Regression,FLAML
179,,0.42921908364807404,0.744573,143.93622899999994,0.42934486786948645,Logistic Regression,FLAML
180,,0.42920504023693945,0.781062,144.71729099999993,0.42934486786948645,Logistic Regression,FLAML
181,,0.42926543262785577,0.80483,145.52212099999994,0.42934486786948645,Logistic Regression,FLAML
182,,0.42927206883353414,0.764649,146.28676999999993,0.42934486786948645,Logistic Regression,FLAML
183,,0.42924903413369836,0.787665,147.07443499999994,0.42934486786948645,Logistic Regression,FLAML
184,,0.42925658897252156,0.78885,147.86328499999993,0.42934486786948645,Logistic Regression,FLAML
185,,0.42933820871777173,0.760162,148.62344699999994,0.42934486786948645,Logistic Regression,FLAML
186,,0.4292101373352563,0.768911,149.39235799999994,0.42934486786948645,Logistic Regression,FLAML
187,,0.4293229511164995,0.796973,150.18933099999995,0.42934486786948645,Logistic Regression,FLAML
188,,0.4293290086657429,0.806287,150.99561799999995,0.42934486786948645,Logistic Regression,FLAML
189,,0.42918275745740386,0.802467,151.79808499999996,0.42934486786948645,Logistic Regression,FLAML
190,,0.42922033832456075,0.794137,152.59222199999996,0.42934486786948645,Logistic Regression,FLAML
191,,0.42925259392658605,0.787102,153.37932399999997,0.42934486786948645,Logistic Regression,FLAML
192,,0.4292856816537394,0.797552,154.17687599999996,0.42934486786948645,Logistic Regression,FLAML
193,,0.42923452173301807,0.746461,154.92333699999998,0.42934486786948645,Logistic Regression,FLAML
194,,0.429287903204514,0.847595,155.770932,0.42934486786948645,Logistic Regression,FLAML
195,,0.4292818257110988,0.781489,156.55242099999998,0.42934486786948645,Logistic Regression,FLAML
196,,0.4292403293658678,0.771157,157.32357799999997,0.42934486786948645,Logistic Regression,FLAML
197,,0.42922015485456444,0.754063,158.07764099999997,0.42934486786948645,Logistic Regression,FLAML
198,,0.4291405953340785,0.851088,158.92872899999998,0.42934486786948645,Logistic Regression,FLAML
199,,0.4293027524503968,0.775298,159.70402699999997,0.42934486786948645,Logistic Regression,FLAML
200,,0.429208226277705,0.813979,160.51800599999996,0.42934486786948645,Logistic Regression,FLAML
201,,0.42918678404532257,0.776935,161.29494099999997,0.42934486786948645,Logistic Regression,FLAML
202,,0.4292106958101536,0.820749,162.11568999999997,0.42934486786948645,Logistic Regression,FLAML
203,,0.42929237143209403,0.751255,162.86694499999996,0.42934486786948645,Logistic Regression,FLAML
204,,0.42915146713868485,0.782369,163.64931399999995,0.42934486786948645,Logistic Regression,FLAML
205,,0.4292787059848477,0.844267,164.49358099999995,0.42934486786948645,Logistic Regression,FLAML
206,,0.4292369408744417,0.745565,165.23914599999995,0.42934486786948645,Logistic Regression,FLAML
207,,0.42920163033149156,0.792432,166.03157799999994,0.42934486786948645,Logistic Regression,FLAML
208,,0.42934051524840894,0.838095,166.86967299999995,0.42934486786948645,Logistic Regression,FLAML
209,,0.42928552324495706,0.74087,167.61054299999995,0.42934486786948645,Logistic Regression,FLAML
210,,0.4292049190537577,0.76571,168.37625299999996,0.42934486786948645,Logistic Regression,FLAML
211,,0.4292341074358905,0.764965,169.14121799999995,0.42934486786948645,Logistic Regression,FLAML
212,,0.42907403016352946,0.759047,169.90026499999996,0.42934486786948645,Logistic Regression,FLAML
213,,0.4291101909481277,0.809813,170.71007799999995,0.42934486786948645,Logistic Regression,FLAML
214,,0.42923189879730456,0.77879,171.48886799999994,0.42934486786948645,Logistic Regression,FLAML
215,,0.42911450723808725,0.812161,172.30102899999994,0.42934486786948645,Logistic Regression,FLAML
216,,0.4292500638342445,0.783054,173.08408299999994,0.42934486786948645,Logistic Regression,FLAML
217,,0.42917210736662875,0.797314,173.88139699999994,0.42934486786948645,Logistic Regression,FLAML
218,,0.42931866049764195,0.825012,174.70640899999992,0.42934486786948645,Logistic Regression,FLAML
219,,0.4290638497599771,0.808298,175.51470699999993,0.42934486786948645,Logistic Regression,FLAML
220,,0.4292257073131371,0.747746,176.26245299999994,0.42934486786948645,Logistic Regression,FLAML
221,,0.42930803458062505,0.826868,177.08932099999993,0.42934486786948645,Logistic Regression,FLAML
222,,0.4291484107131797,0.801356,177.89067699999993,0.42934486786948645,Logistic Regression,FLAML
223,,0.42922738706057545,0.779777,178.67045399999992,0.42934486786948645,Logistic Regression,FLAML
224,,0.42932048042014515,0.774812,179.44526599999992,0.42934486786948645,Logistic Regression,FLAML
225,,0.4291336471648703,0.848909,180.2941749999999,0.42934486786948645,Logistic Regression,FLAML
226,,0.42922592457407394,0.747154,181.0413289999999,0.42934486786948645,Logistic Regression,FLAML
227,,0.4291967162956378,0.787404,181.82873299999991,0.42934486786948645,Logistic Regression,FLAML
228,,0.4292846997696313,0.782484,182.61121699999993,0.42934486786948645,Logistic Regression,FLAML
229,,0.4292627258921331,0.764855,183.37607199999994,0.42934486786948645,Logistic Regression,FLAML
230,,0.42918253527817446,0.800554,184.17662599999994,0.42934486786948645,Logistic Regression,FLAML
231,,0.42908459827310264,0.816416,184.99304199999995,0.42934486786948645,Logistic Regression,FLAML
232,,0.4292228004521505,0.761973,185.75501499999996,0.42934486786948645,Logistic Regression,FLAML
233,,0.4293494684579966,0.791553,186.54656799999995,0.4293494684579966,Logistic Regression,FLAML
234,,0.42934486786948645,0.804288,187.35085599999996,0.4293494684579966,Logistic Regression,FLAML
235,,0.42921280625190267,0.754491,188.10534699999997,0.4293494684579966,Logistic Regression,FLAML
236,,0.4291662319585234,0.784847,188.89019399999998,0.4293494684579966,Logistic Regression,FLAML
237,,0.4292650151020129,0.760552,189.65074599999997,0.4293494684579966,Logistic Regression,FLAML
238,,0.42919273778447115,0.826938,190.47768399999998,0.4293494684579966,Logistic Regression,FLAML
239,,0.4292210661022034,0.841569,191.31925299999997,0.4293494684579966,Logistic Regression,FLAML
240,,0.429285965779641,0.792264,192.11151699999996,0.4293494684579966,Logistic Regression,FLAML
241,,0.42928268966016514,0.849532,192.96104899999997,0.4293494684579966,Logistic Regression,FLAML
242,,0.42920735950874533,0.772529,193.73357799999997,0.4293494684579966,Logistic Regression,FLAML
243,,0.42922288451439167,0.786977,194.52055499999997,0.4293494684579966,Logistic Regression,FLAML
244,,0.4292939850870465,0.778102,195.29865699999996,0.4293494684579966,Logistic Regression,FLAML
245,,0.4291909517924318,0.801896,196.10055299999996,0.4293494684579966,Logistic Regression,FLAML
246,,0.42928015643173495,0.745233,196.84578599999998,0.4293494684579966,Logistic Regression,FLAML
247,,0.4292780332515651,0.808427,197.65421299999997,0.4293494684579966,Logistic Regression,FLAML
248,,0.42925558964792926,0.784832,198.43904499999996,0.4293494684579966,Logistic Regression,FLAML
249,,0.42925943771878466,0.749404,199.18844899999996,0.4293494684579966,Logistic Regression,FLAML
250,,0.4293059061383005,0.777772,199.96622099999996,0.4293494684579966,Logistic Regression,FLAML
251,,0.4293066144761754,0.801914,200.76813499999997,0.4293494684579966,Logistic Regression,FLAML
252,,0.4291481743635683,0.802165,201.57029999999997,0.4293494684579966,Logistic Regression,FLAML
253,,0.42931914490902096,0.770688,202.34098799999998,0.4293494684579966,Logistic Regression,FLAML
254,,0.4292038382728056,0.77451,203.11549799999997,0.4293494684579966,Logistic Regression,FLAML
255,,0.42928452114474425,0.805794,203.92129199999997,0.4293494684579966,Logistic Regression,FLAML
256,,0.42917738467859506,0.76934,204.69063199999997,0.4293494684579966,Logistic Regression,FLAML
257,,0.42931269342987594,0.799494,205.49012599999998,0.4293494684579966,Logistic Regression,FLAML
258,,0.42925697210935826,0.7897,206.27982599999999,0.4293494684579966,Logistic Regression,FLAML
259,,0.42915645362349064,0.787979,207.067805,0.4293494684579966,Logistic Regression,FLAML
260,,0.4293322867919381,0.827783,207.895588,0.4293494684579966,Logistic Regression,FLAML
261,,0.42929393163605667,0.770503,208.666091,0.4293494684579966,Logistic Regression,FLAML
262,,0.4292069940979184,0.782687,209.448778,0.4293494684579966,Logistic Regression,FLAML
263,,0.429305654119475,0.784748,210.233526,0.4293494684579966,Logistic Regression,FLAML
264,,0.42927103820590534,0.778351,211.011877,0.4293494684579966,Logistic Regression,FLAML
265,,0.42928010845297093,0.811027,211.822904,0.4293494684579966,Logistic Regression,FLAML
266,,0.42921026801978,0.766649,212.589553,0.4293494684579966,Logistic Regression,FLAML
267,,0.4291892204212496,0.77148,213.361033,0.4293494684579966,Logistic Regression,FLAML
268,,0.4293133259951654,0.811661,214.17269399999998,0.4293494684579966,Logistic Regression,FLAML
269,,0.4293268570231767,0.760234,214.93292799999998,0.4293494684579966,Logistic Regression,FLAML
270,,0.4291424181708547,0.786154,215.719082,0.4293494684579966,Logistic Regression,FLAML
271,,0.4293033498911975,0.780778,216.49985999999998,0.4293494684579966,Logistic Regression,FLAML
272,,0.4291892083235182,0.80798,217.30783999999997,0.4293494684579966,Logistic Regression,FLAML
273,,0.4292216342469078,0.797423,218.10526299999998,0.4293494684579966,Logistic Regression,FLAML
274,,0.42918157292796555,0.752433,218.85769599999998,0.4293494684579966,Logistic Regression,FLAML
275,,0.4291829211708557,0.815811,219.67350699999997,0.4293494684579966,Logistic Regression,FLAML
276,,0.4292694743580734,0.742758,220.41626499999998,0.4293494684579966,Logistic Regression,FLAML
277,,0.42913847242864334,0.797403,221.21366799999998,0.4293494684579966,Logistic Regression,FLAML
278,,0.4293080100916591,0.84215,222.055818,0.4293494684579966,Logistic Regression,FLAML
279,,0.42921056752021175,0.743951,222.799769,0.4293494684579966,Logistic Regression,FLAML
280,,0.42918020580004096,0.772046,223.571815,0.4293494684579966,Logistic Regression,FLAML
281,,0.4291919778349331,0.861118,224.432933,0.4293494684579966,Logistic Regression,FLAML
282,,0.4292316020531981,0.783642,225.21657499999998,0.4293494684579966,Logistic Regression,FLAML
283,,0.4292598756151336,0.741817,225.95839199999998,0.4293494684579966,Logistic Regression,FLAML
284,,0.4291854115371609,0.818536,226.77692799999997,0.4293494684579966,Logistic Regression,FLAML
285,,0.42922995404492564,0.853972,227.63089999999997,0.4293494684579966,Logistic Regression,FLAML
286,,0.42930974894259855,0.791179,228.42207899999997,0.4293494684579966,Logistic Regression,FLAML
287,,0.4291964061988101,0.764677,229.18675599999997,0.4293494684579966,Logistic Regression,FLAML
288,,0.4293027033788744,0.761816,229.94857199999998,0.4293494684579966,Logistic Regression,FLAML
289,,0.4291742473569369,0.812135,230.760707,0.4293494684579966,Logistic Regression,FLAML
290,,0.42934895984231886,0.762403,231.52311,0.4293494684579966,Logistic Regression,FLAML
291,,0.4293193484478031,0.788175,232.311285,0.4293494684579966,Logistic Regression,FLAML
292,,0.42926914508688135,0.807411,233.118696,0.4293494684579966,Logistic Regression,FLAML
293,,0.42925947869875775,0.847712,233.966408,0.4293494684579966,Logistic Regression,FLAML
294,,0.4292536373564951,0.762974,234.72938200000002,0.4293494684579966,Logistic Regression,FLAML
295,,0.429159246087772,0.837791,235.56717300000003,0.4293494684579966,Logistic Regression,FLAML
296,,0.42928689872317105,0.739711,236.30688400000003,0.4293494684579966,Logistic Regression,FLAML
297,,0.4292571007037698,0.750556,237.05744,0.4293494684579966,Logistic Regression,FLAML
298,,0.42915596367887227,0.824608,237.88204800000003,0.4293494684579966,Logistic Regression,FLAML
299,,0.4291505090702958,0.804952,238.687,0.4293494684579966,Logistic Regression,FLAML
300,,0.42931917678676196,0.755517,239.442517,0.4293494684579966,Logistic Regression,FLAML
301,,0.42925323073633387,0.755076,240.197593,0.4293494684579966,Logistic Regression,FLAML
302,,0.42918264465605654,0.830996,241.028589,0.4293494684579966,Logistic Regression,FLAML
303,,0.4292156025453804,0.767919,241.79650800000002,0.4293494684579966,Logistic Regression,FLAML
304,,0.4291117669572226,0.809258,242.60576600000002,0.4293494684579966,Logistic Regression,FLAML
305,,0.4292549244521353,0.801179,243.406945,0.4293494684579966,Logistic Regression,FLAML
306,,0.42914635397300677,0.752818,244.159763,0.4293494684579966,Logistic Regression,FLAML
307,,0.42925974778635445,0.745144,244.904907,0.4293494684579966,Logistic Regression,FLAML
308,,0.4291873444814501,0.799342,245.704249,0.4293494684579966,Logistic Regression,FLAML
309,,0.4290734969003374,0.77642,246.480669,0.4293494684579966,Logistic Regression,FLAML
310,,0.4292834156741665,0.758427,247.23909600000002,0.4293494684579966,Logistic Regression,FLAML
311,,0.42928099922003793,0.773552,248.012648,0.4293494684579966,Logistic Regression,FLAML
312,,0.42925993343341085,0.803156,248.815804,0.4293494684579966,Logistic Regression,FLAML
313,,0.4292514629379685,0.772733,249.588537,0.4293494684579966,Logistic Regression,FLAML
314,,0.429249794416275,0.780067,250.368604,0.4293494684579966,Logistic Regression,FLAML
315,,0.4292652272366722,0.835171,251.203775,0.4293494684579966,Logistic Regression,FLAML
316,,0.4292624394264119,0.822532,252.026307,0.4293494684579966,Logistic Regression,FLAML
317,,0.42931141971256986,0.755054,252.781361,0.4293494684579966,Logistic Regression,FLAML
318,,0.4291727368196184,0.79421,253.575571,0.4293494684579966,Logistic Regression,FLAML
319,,0.429288624501108,0.773252,254.348823,0.4293494684579966,Logistic Regression,FLAML
320,,0.42919173161000823,0.783806,255.132629,0.4293494684579966,Logistic Regression,FLAML
321,,0.4292655648578246,0.737609,255.870238,0.4293494684579966,Logistic Regression,FLAML
322,,0.42914137078223796,0.83591,256.706148,0.4293494684579966,Logistic Regression,FLAML
323,,0.4292748117504428,0.781011,257.48715899999996,0.4293494684579966,Logistic Regression,FLAML
324,,0.42928007251708106,0.752605,258.239764,0.4293494684579966,Logistic Regression,FLAML
325,,0.4292417258397361,0.834857,259.074621,0.4293494684579966,Logistic Regression,FLAML
326,,0.4293169660991955,0.762799,259.83741999999995,0.4293494684579966,Logistic Regression,FLAML
327,,0.42931363734550637,0.747151,260.5845709999999,0.4293494684579966,Logistic Regression,FLAML
328,,0.4292034378681417,0.781228,261.3657989999999,0.4293494684579966,Logistic Regression,FLAML
329,,0.4291993629804509,0.847569,262.21336799999995,0.4293494684579966,Logistic Regression,FLAML
330,,0.4292992915505587,0.750974,262.96434199999993,0.4293494684579966,Logistic Regression,FLAML
331,,0.42933397797466494,0.776767,263.74110899999994,0.4293494684579966,Logistic Regression,FLAML
332,,0.4292120901204759,0.814551,264.55565999999993,0.4293494684579966,Logistic Regression,FLAML
333,,0.42920351840400756,0.779378,265.33503799999994,0.4293494684579966,Logistic Regression,FLAML
334,,0.42931459678196865,0.763739,266.0987769999999,0.4293494684579966,Logistic Regression,FLAML
335,,0.4292240463422734,0.788861,266.8876379999999,0.4293494684579966,Logistic Regression,FLAML
336,,0.42928212808025595,0.801729,267.68936699999995,0.4293494684579966,Logistic Regression,FLAML
337,,0.4292853134533719,0.762378,268.45174499999996,0.4293494684579966,Logistic Regression,FLAML
338,,0.4291932814413782,0.789404,269.24114899999995,0.4293494684579966,Logistic Regression,FLAML
339,,0.42916986046086736,0.863834,270.10498299999995,0.4293494684579966,Logistic Regression,FLAML
340,,0.4293320906309785,0.776672,270.88165499999997,0.4293494684579966,Logistic Regression,FLAML
341,,0.4292929599650452,0.789269,271.67092399999996,0.4293494684579966,Logistic Regression,FLAML
342,,0.4292040575756166,0.854233,272.525157,0.4293494684579966,Logistic Regression,FLAML
343,,0.4293362977985627,0.772524,273.29768099999995,0.4293494684579966,Logistic Regression,FLAML
344,,0.429345334594555,0.778257,274.07593799999995,0.4293494684579966,Logistic Regression,FLAML
345,,0.4292921585455254,0.7922,274.86813799999993,0.4293494684579966,Logistic Regression,FLAML
346,,0.4292633696446923,0.803408,275.6715459999999,0.4293494684579966,Logistic Regression,FLAML
347,,0.4293186292517089,0.75263,276.42417599999993,0.4293494684579966,Logistic Regression,FLAML
348,,0.4291503065021849,0.776017,277.20019299999996,0.4293494684579966,Logistic Regression,FLAML
349,,0.4291684598791566,0.845382,278.04557499999993,0.4293494684579966,Logistic Regression,FLAML
350,,0.4292912388791355,0.743608,278.7891829999999,0.4293494684579966,Logistic Regression,FLAML
351,,0.4292893445212673,0.760056,279.54923899999994,0.4293494684579966,Logistic Regression,FLAML
352,,0.4291656356399809,0.811109,280.36034799999993,0.4293494684579966,Logistic Regression,FLAML
353,,0.42931540248011624,0.770606,281.1309539999999,0.4293494684579966,Logistic Regression,FLAML
354,,0.4292012936639778,0.782898,281.9138519999999,0.4293494684579966,Logistic Regression,FLAML
355,,0.4291757383273034,0.810088,282.7239399999999,0.4293494684579966,Logistic Regression,FLAML
356,,0.4292911622453661,0.796621,283.52056099999993,0.4293494684579966,Logistic Regression,FLAML
357,,0.4292313667629924,0.802966,284.32352699999996,0.4293494684579966,Logistic Regression,FLAML
358,,0.42928369861236176,0.736457,285.05998399999993,0.4293494684579966,Logistic Regression,FLAML
359,,0.42934473850411364,0.8006,285.8605839999999,0.4293494684579966,Logistic Regression,FLAML
360,,0.42913788055701235,0.793344,286.6539279999999,0.4293494684579966,Logistic Regression,FLAML
361,,0.4291457075675522,0.785596,287.4395239999999,0.4293494684579966,Logistic Regression,FLAML
362,,0.4293418864019787,0.798197,288.2377209999999,0.4293494684579966,Logistic Regression,FLAML
363,,0.4293255105880807,0.762425,289.0001459999999,0.4293494684579966,Logistic Regression,FLAML
364,,0.4291556289294989,0.77756,289.7777059999999,0.4293494684579966,Logistic Regression,FLAML
365,,0.42918976208231957,0.801683,290.57938899999994,0.4293494684579966,Logistic Regression,FLAML
366,,0.42932239769513275,0.797981,291.3773699999999,0.4293494684579966,Logistic Regression,FLAML
367,,0.4291821787372782,0.78814,292.1655099999999,0.4293494684579966,Logistic Regression,FLAML
368,,0.4292730679883989,0.782184,292.9476939999999,0.4293494684579966,Logistic Regression,FLAML
369,,0.42928466139615923,0.774607,293.7223009999999,0.4293494684579966,Logistic Regression,FLAML
370,,0.4291705240698736,0.79021,294.5125109999999,0.4293494684579966,Logistic Regression,FLAML
371,,0.4291629814463443,0.77979,295.2923009999999,0.4293494684579966,Logistic Regression,FLAML
372,,0.42925258832982244,0.861571,296.1538719999999,0.4293494684579966,Logistic Regression,FLAML
373,,0.42921184657503725,0.797182,296.95105399999994,0.4293494684579966,Logistic Regression,FLAML
374,,0.42926993749105363,0.750591,297.7016449999999,0.4293494684579966,Logistic Regression,FLAML
375,,0.42928634132154747,0.800639,298.5022839999999,0.4293494684579966,Logistic Regression,FLAML
376,,0.4293161810476202,0.800691,299.3029749999999,0.4293494684579966,Logistic Regression,FLAML
377,,0.42918841795703383,0.766395,300.0693699999999,0.4293494684579966,Logistic Regression,FLAML
0,,0.40698959278618935,4.102673,4.102673,0.40698959278618935,Extra Trees,FLAML
1,,0.40314939620363033,8.447697,12.550370000000001,0.40698959278618935,Extra Trees,FLAML
2,,0.4076939256521907,4.0207,16.57107,0.4076939256521907,Extra Trees,FLAML
3,,0.39775775932711904,5.658901,22.229971,0.4076939256521907,Extra Trees,FLAML
4,,0.4060653084835822,2.818016,25.047987,0.4076939256521907,Extra Trees,FLAML
5,,0.40537764796029624,4.097885,29.145871999999997,0.4076939256521907,Extra Trees,FLAML
6,,0.403156962584295,4.439548,33.58542,0.4076939256521907,Extra Trees,FLAML
7,,0.39758932098786043,2.9786390000000003,36.564059,0.4076939256521907,Extra Trees,FLAML
8,,0.4023516629308191,4.616474,41.180533,0.4076939256521907,Extra Trees,FLAML
9,,0.3995194791347007,5.392182,46.572714999999995,0.4076939256521907,Extra Trees,FLAML
10,,0.4026297296865356,4.313564,50.886278999999995,0.4076939256521907,Extra Trees,FLAML
11,,0.40535731668299646,2.910974,53.797253,0.4076939256521907,Extra Trees,FLAML
12,,0.4016417721866555,9.931422,63.728674999999996,0.4076939256521907,Extra Trees,FLAML
13,,0.40191833386049103,5.094784,68.823459,0.4076939256521907,Extra Trees,FLAML
14,,0.397566659479996,5.094496,73.917955,0.4076939256521907,Extra Trees,FLAML
15,,0.4045787402262003,8.015263,81.93321800000001,0.4076939256521907,Extra Trees,FLAML
16,,0.40352672933411204,3.271702,85.20492000000002,0.4076939256521907,Extra Trees,FLAML
17,,0.4044426290958924,4.607598,89.81251800000001,0.4076939256521907,Extra Trees,FLAML
18,,0.4045508215492091,6.85106,96.66357800000002,0.4076939256521907,Extra Trees,FLAML
19,,0.4056011504022878,4.875574,101.53915200000002,0.4076939256521907,Extra Trees,FLAML
20,,0.40887162892676526,3.532706,105.07185800000002,0.40887162892676526,Extra Trees,FLAML
21,,0.4083646321475709,3.687128,108.75898600000002,0.40887162892676526,Extra Trees,FLAML
22,,0.40846368825722773,3.637698,112.39668400000002,0.40887162892676526,Extra Trees,FLAML
23,,0.40404305260657486,9.291768,121.68845200000003,0.40887162892676526,Extra Trees,FLAML
24,,0.4009951165543721,2.790562,124.47901400000002,0.40887162892676526,Extra Trees,FLAML
25,,0.4045255876516361,4.42564,128.90465400000002,0.40887162892676526,Extra Trees,FLAML
26,,0.4070661540643982,4.681607,133.58626100000004,0.40887162892676526,Extra Trees,FLAML
27,,0.4047317648425319,3.053268,136.63952900000004,0.40887162892676526,Extra Trees,FLAML
28,,0.40887162892676526,3.444066,140.08359500000003,0.40887162892676526,Extra Trees,FLAML
29,,0.40891641822121616,4.2844809999999995,144.36807600000003,0.40891641822121616,Extra Trees,FLAML
30,,0.40877729241745175,3.970679,148.33875500000002,0.40891641822121616,Extra Trees,FLAML
31,,0.4083599096291652,4.714584,153.05333900000002,0.40891641822121616,Extra Trees,FLAML
32,,0.40691935342675967,5.20522,158.25855900000002,0.40891641822121616,Extra Trees,FLAML
33,,0.4041443869928764,3.380966,161.63952500000002,0.40891641822121616,Extra Trees,FLAML
34,,0.40794108896125786,4.659305,166.29883,0.40891641822121616,Extra Trees,FLAML
35,,0.4042521003553299,3.875754,170.174584,0.40891641822121616,Extra Trees,FLAML
36,,0.40840030314741965,5.03666,175.21124400000002,0.40891641822121616,Extra Trees,FLAML
37,,0.40708426574663764,3.563707,178.77495100000002,0.40891641822121616,Extra Trees,FLAML
38,,0.40371158059220297,4.007657,182.782608,0.40891641822121616,Extra Trees,FLAML
39,,0.406263277109838,4.629621,187.41222900000002,0.40891641822121616,Extra Trees,FLAML
40,,0.4074544584945965,5.46212,192.87434900000002,0.40891641822121616,Extra Trees,FLAML
41,,0.40444432612458714,3.185791,196.06014000000002,0.40891641822121616,Extra Trees,FLAML
42,,0.40855823581674006,5.094205,201.154345,0.40891641822121616,Extra Trees,FLAML
43,,0.40708426574663764,3.714905,204.86925,0.40891641822121616,Extra Trees,FLAML
44,,0.4034560161448905,4.129791,208.999041,0.40891641822121616,Extra Trees,FLAML
45,,0.4083625561691046,4.484373,213.483414,0.40891641822121616,Extra Trees,FLAML
46,,0.4054091769346068,3.858924,217.342338,0.40891641822121616,Extra Trees,FLAML
47,,0.40741222723348014,4.609415,221.95175300000002,0.40891641822121616,Extra Trees,FLAML
48,,0.4050525571625414,3.566142,225.51789500000004,0.40891641822121616,Extra Trees,FLAML
49,,0.4076476866733812,5.074761,230.59265600000003,0.40891641822121616,Extra Trees,FLAML
50,,0.4082336066787419,4.594029,235.18668500000004,0.40891641822121616,Extra Trees,FLAML
51,,0.40836924901014066,3.7855119999999998,238.97219700000005,0.40891641822121616,Extra Trees,FLAML
52,,0.40816312011547407,4.179987,243.15218400000006,0.40891641822121616,Extra Trees,FLAML
53,,0.40854444523634686,4.429057,247.58124100000006,0.40891641822121616,Extra Trees,FLAML
54,,0.4084853787223692,4.8528210000000005,252.43406200000007,0.40891641822121616,Extra Trees,FLAML
55,,0.4084234420675839,3.643827,256.0778890000001,0.40891641822121616,Extra Trees,FLAML
56,,0.4082147778076582,4.371629,260.44951800000007,0.40891641822121616,Extra Trees,FLAML
57,,0.4087067011082273,4.185686,264.63520400000004,0.40891641822121616,Extra Trees,FLAML
58,,0.4084566292518903,4.597666,269.23287000000005,0.40891641822121616,Extra Trees,FLAML
59,,0.4039089546303643,3.79419,273.02706000000006,0.40891641822121616,Extra Trees,FLAML
60,,0.4089002495812087,5.087688,278.1147480000001,0.40891641822121616,Extra Trees,FLAML
61,,0.4086489583122627,3.572235,281.68698300000005,0.40891641822121616,Extra Trees,FLAML
62,,0.408374161347312,4.871802,286.55878500000006,0.40891641822121616,Extra Trees,FLAML
63,,0.40378147237587253,3.733276,290.29206100000005,0.40891641822121616,Extra Trees,FLAML
64,,0.40782830920763374,4.578219,294.87028000000004,0.40891641822121616,Extra Trees,FLAML
65,,0.4087154222499077,4.112128,298.982408,0.40891641822121616,Extra Trees,FLAML
66,,0.4087564474517753,4.24005,303.222458,0.40891641822121616,Extra Trees,FLAML
0,,0.41205247347942403,3.517417,3.517417,0.41205247347942403,CatBoost,FLAML
1,,0.41995577828233577,5.829983,9.3474,0.41995577828233577,CatBoost,FLAML
2,,0.41376402461437517,3.679026,13.026426,0.41995577828233577,CatBoost,FLAML
3,,0.4199862565193329,4.898691,17.925117,0.4199862565193329,CatBoost,FLAML
4,,0.419841886578598,5.789295,23.714412,0.4199862565193329,CatBoost,FLAML
5,,0.4178297608009225,4.963388,28.677799999999998,0.4199862565193329,CatBoost,FLAML
6,,0.4176147208478584,5.244999,33.922799,0.4199862565193329,CatBoost,FLAML
7,,0.4197195844062536,4.373486,38.296285,0.4199862565193329,CatBoost,FLAML
8,,0.41862105732087435,5.954527,44.250811999999996,0.4199862565193329,CatBoost,FLAML
9,,0.42012012513211855,6.856749,51.107561,0.42012012513211855,CatBoost,FLAML
10,,0.4199862565193329,4.846888,55.954449,0.42012012513211855,CatBoost,FLAML
11,,0.42028278766099186,8.6984,64.652849,0.42028278766099186,CatBoost,FLAML
12,,0.41945220570233976,7.517139,72.169988,0.42028278766099186,CatBoost,FLAML
13,,0.41721852714412505,10.433561,82.603549,0.42028278766099186,CatBoost,FLAML
14,,0.41851273311966586,7.72701,90.330559,0.42028278766099186,CatBoost,FLAML
15,,0.41961949571867674,7.819552,98.150111,0.42028278766099186,CatBoost,FLAML
16,,0.4196100541280277,9.540176,107.690287,0.42028278766099186,CatBoost,FLAML
17,,0.41849572505016264,10.758271,118.44855799999999,0.42028278766099186,CatBoost,FLAML
18,,0.39464649645474736,6.843299,125.291857,0.42028278766099186,CatBoost,FLAML
19,,0.41897588095155003,7.493877,132.785734,0.42028278766099186,CatBoost,FLAML
20,,0.42024784699977974,8.346162,141.13189599999998,0.42028278766099186,CatBoost,FLAML
21,,0.4206663944093411,9.095006,150.226902,0.4206663944093411,CatBoost,FLAML
22,,0.41759718375540084,10.208762,160.435664,0.4206663944093411,CatBoost,FLAML
23,,0.41919854449395483,8.523988,168.959652,0.4206663944093411,CatBoost,FLAML
24,,0.4186078831229738,10.978854,179.93850600000002,0.4206663944093411,CatBoost,FLAML
25,,0.4217245585983187,7.805598,187.74410400000002,0.4217245585983187,CatBoost,FLAML
26,,0.4222067159218432,9.011963,196.75606700000003,0.4222067159218432,CatBoost,FLAML
27,,0.42106919250924907,7.813441,204.56950800000004,0.4222067159218432,CatBoost,FLAML
28,,0.42190055040519264,10.849283,215.41879100000006,0.4222067159218432,CatBoost,FLAML
29,,0.418886820497949,7.685675,223.10446600000006,0.4222067159218432,CatBoost,FLAML
30,,0.42067132551056446,8.66024,231.76470600000005,0.4222067159218432,CatBoost,FLAML
31,,0.41994782469185243,9.424062,241.18876800000004,0.4222067159218432,CatBoost,FLAML
32,,0.42002849438631235,7.254422,248.44319000000004,0.4222067159218432,CatBoost,FLAML
33,,0.4243097126960668,10.956,259.39919000000003,0.4243097126960668,CatBoost,FLAML
34,,0.42041071653976286,14.490312,273.88950200000005,0.4243097126960668,CatBoost,FLAML
35,,0.42379291209758757,8.107949,281.99745100000007,0.4243097126960668,CatBoost,FLAML
36,,0.4210288022412669,14.661052,296.65850300000005,0.4243097126960668,CatBoost,FLAML
37,,0.4228448241401411,7.958278,304.61678100000006,0.4243097126960668,CatBoost,FLAML
